condition,run,sample,latency_ms,matched
reliable_idle,1,0,101.428729,True
reliable_idle,1,1,99.791042,True
reliable_idle,1,2,100.086670,True
reliable_idle,1,3,99.726697,True
reliable_idle,1,4,99.753403,True
reliable_idle,1,5,99.591649,True
reliable_idle,1,6,97.437809,True
reliable_idle,1,7,100.203810,True
reliable_idle,1,8,102.224579,True
reliable_idle,1,9,99.818286,True
reliable_idle,1,10,99.520953,True
reliable_idle,1,11,100.133253,True
reliable_idle,1,12,98.994136,True
reliable_idle,1,13,98.472373,True
reliable_idle,1,14,102.020569,True
reliable_idle,1,15,97.360148,True
reliable_idle,1,16,102.131931,True
reliable_idle,1,17,97.762526,True
reliable_idle,1,18,101.961478,True
reliable_idle,1,19,99.707374,True
reliable_idle,1,20,99.851760,True
reliable_idle,1,21,97.958654,True
reliable_idle,1,22,101.792772,True
reliable_idle,1,23,99.905772,True
reliable_idle,1,24,99.745650,True
reliable_idle,1,25,99.614820,True
reliable_idle,1,26,97.858969,True
reliable_idle,1,27,99.917807,True
reliable_idle,1,28,101.875141,True
reliable_idle,1,29,99.799027,True
reliable_idle,1,30,100.103670,True
reliable_idle,1,31,99.899611,True
reliable_idle,1,32,99.444879,True
reliable_idle,1,33,100.080704,True
reliable_idle,1,34,99.411303,True
reliable_idle,1,35,99.770053,True
reliable_idle,1,36,99.908722,True
reliable_idle,1,37,99.762411,True
reliable_idle,1,38,99.809129,True
reliable_idle,1,39,100.060207,True
reliable_idle,1,40,99.408079,True
reliable_idle,1,41,98.456159,True
reliable_idle,1,42,101.326320,True
reliable_idle,1,43,100.058403,True
reliable_idle,1,44,99.660053,True
reliable_idle,1,45,99.749154,True
reliable_idle,1,46,97.377517,True
reliable_idle,1,47,100.274462,True
reliable_idle,1,48,99.731700,True
reliable_idle,1,49,102.048161,True
reliable_idle,1,50,99.774908,True
reliable_idle,1,51,97.535608,True
reliable_idle,1,52,102.235497,True
reliable_idle,1,53,99.222480,True
reliable_idle,1,54,100.411828,True
reliable_idle,1,55,99.747474,True
reliable_idle,1,56,97.510869,True
reliable_idle,1,57,100.085749,True
reliable_idle,1,58,102.089886,True
reliable_idle,1,59,99.705440,True
reliable_idle,1,60,100.097200,True
reliable_idle,1,61,99.845775,True
reliable_idle,1,62,99.402076,True
reliable_idle,1,63,99.907502,True
reliable_idle,1,64,99.996176,True
reliable_idle,1,65,98.969570,True
reliable_idle,1,66,100.335085,True
reliable_idle,1,67,97.543193,True
reliable_idle,1,68,102.181684,True
reliable_idle,1,69,99.737277,True
reliable_idle,1,70,99.937331,True
reliable_idle,1,71,99.974682,True
reliable_idle,1,72,98.978721,True
reliable_idle,1,73,100.486856,True
reliable_idle,1,74,99.845221,True
reliable_idle,1,75,99.450296,True
reliable_idle,1,76,98.642070,True
reliable_idle,1,77,98.927486,True
reliable_idle,1,78,102.082652,True
reliable_idle,1,79,99.854028,True
reliable_idle,1,80,99.745642,True
reliable_idle,1,81,97.835085,True
reliable_idle,1,82,101.948424,True
reliable_idle,1,83,99.671624,True
reliable_idle,1,84,99.817614,True
reliable_idle,1,85,97.455978,True
reliable_idle,1,86,102.189729,True
reliable_idle,1,87,97.617736,True
reliable_idle,1,88,102.458038,True
reliable_idle,1,89,99.087361,True
reliable_idle,1,90,100.306127,True
reliable_idle,1,91,99.729740,True
reliable_idle,1,92,99.727101,True
reliable_idle,1,93,99.757410,True
reliable_idle,1,94,100.052522,True
reliable_idle,1,95,99.444685,True
reliable_idle,1,96,97.572425,True
reliable_idle,1,97,100.174599,True
reliable_idle,1,98,102.234162,True
reliable_idle,1,99,99.688073,True
reliable_idle,1,100,99.574192,True
reliable_idle,1,101,97.932530,True
reliable_idle,1,102,101.758341,True
reliable_idle,1,103,99.853269,True
reliable_idle,1,104,99.733073,True
reliable_idle,1,105,97.536002,True
reliable_idle,1,106,102.146895,True
reliable_idle,1,107,97.917404,True
reliable_idle,1,108,101.815765,True
reliable_idle,1,109,99.774331,True
reliable_idle,1,110,99.766333,True
reliable_idle,1,111,99.799695,True
reliable_idle,1,112,99.756052,True
reliable_idle,1,113,100.067611,True
reliable_idle,1,114,99.486935,True
reliable_idle,1,115,99.823033,True
reliable_idle,1,116,97.793815,True
reliable_idle,1,117,99.794488,True
reliable_idle,1,118,101.987060,True
reliable_idle,1,119,99.830916,True
reliable_idle,1,120,99.743058,True
reliable_idle,1,121,98.119033,True
reliable_idle,1,122,101.769480,True
reliable_idle,1,123,99.579462,True
reliable_idle,1,124,99.777178,True
reliable_idle,1,125,99.713235,True
reliable_idle,1,126,97.513649,True
reliable_idle,1,127,100.180657,True
reliable_idle,1,128,102.082941,True
reliable_idle,1,129,99.722301,True
reliable_idle,1,130,99.849503,True
reliable_idle,1,131,99.779146,True
reliable_idle,1,132,99.820321,True
reliable_idle,1,133,99.744513,True
reliable_idle,1,134,98.024010,True
reliable_idle,1,135,101.566284,True
reliable_idle,1,136,100.020142,True
reliable_idle,1,137,97.429545,True
reliable_idle,1,138,102.018575,True
reliable_idle,1,139,99.846418,True
reliable_idle,1,140,99.758419,True
reliable_idle,1,141,97.846529,True
reliable_idle,1,142,102.021854,True
reliable_idle,1,143,99.721641,True
reliable_idle,1,144,99.786479,True
reliable_idle,1,145,99.756475,True
reliable_idle,1,146,97.913243,True
reliable_idle,1,147,99.640892,True
reliable_idle,1,148,102.013147,True
reliable_idle,1,149,99.765834,True
reliable_idle,1,150,99.892238,True
reliable_idle,1,151,99.697547,True
reliable_idle,1,152,100.069568,True
reliable_idle,1,153,99.482660,True
reliable_idle,1,154,99.818655,True
reliable_idle,1,155,99.769760,True
reliable_idle,1,156,97.955607,True
reliable_idle,1,157,99.690052,True
reliable_idle,1,158,102.073556,True
reliable_idle,1,159,99.865211,True
reliable_idle,1,160,99.788139,True
reliable_idle,1,161,98.021718,True
reliable_idle,1,162,104.198034,True
reliable_idle,1,163,97.256734,True
reliable_idle,1,164,99.910286,True
reliable_idle,1,165,99.668666,True
reliable_idle,1,166,99.888343,True
reliable_idle,1,167,97.617316,True
reliable_idle,1,168,102.030305,True
reliable_idle,1,169,99.889611,True
reliable_idle,1,170,97.594415,True
reliable_idle,1,171,102.372312,True
reliable_idle,1,172,99.633688,True
reliable_idle,1,173,99.626660,True
reliable_idle,1,174,99.803981,True
reliable_idle,1,175,97.664071,True
reliable_idle,1,176,100.395765,True
reliable_idle,1,177,99.539321,True
reliable_idle,1,178,102.005435,True
reliable_idle,1,179,99.814127,True
reliable_idle,1,180,99.788286,True
reliable_idle,1,181,97.938393,True
reliable_idle,1,182,102.035522,True
reliable_idle,1,183,99.707173,True
reliable_idle,1,184,99.634837,True
reliable_idle,1,185,99.812422,True
reliable_idle,1,186,97.989136,True
reliable_idle,1,187,99.490175,True
reliable_idle,1,188,102.205917,True
reliable_idle,1,189,99.893644,True
reliable_idle,1,190,99.751952,True
reliable_idle,1,191,99.733172,True
reliable_idle,1,192,100.102167,True
reliable_idle,1,193,99.461803,True
reliable_idle,1,194,98.482889,True
reliable_idle,1,195,99.093339,True
reliable_idle,1,196,100.471309,True
reliable_idle,1,197,99.645210,True
reliable_idle,1,198,101.864206,True
reliable_idle,1,199,99.908248,True
reliable_idle,1,200,99.712222,True
reliable_idle,1,201,98.104557,True
reliable_idle,1,202,101.709838,True
reliable_idle,1,203,99.664017,True
reliable_idle,1,204,99.756722,True
reliable_idle,1,205,99.832562,True
reliable_idle,1,206,97.588167,True
reliable_idle,1,207,100.112529,True
reliable_idle,1,208,101.961176,True
reliable_idle,1,209,99.866696,True
reliable_idle,1,210,99.892997,True
reliable_idle,1,211,99.684259,True
reliable_idle,1,212,99.971394,True
reliable_idle,1,213,99.693740,True
reliable_idle,1,214,99.677270,True
reliable_idle,1,215,97.820794,True
reliable_idle,1,216,102.086450,True
reliable_idle,1,217,97.342329,True
reliable_idle,1,218,102.216100,True
reliable_idle,1,219,99.966656,True
reliable_idle,1,220,99.677309,True
reliable_idle,1,221,99.758008,True
reliable_idle,1,222,99.904621,True
reliable_idle,1,223,99.901772,True
reliable_idle,1,224,99.632778,True
reliable_idle,1,225,99.800710,True
reliable_idle,1,226,99.445101,True
reliable_idle,1,227,98.263428,True
reliable_idle,1,228,101.853704,True
reliable_idle,1,229,100.140533,True
reliable_idle,1,230,99.524555,True
reliable_idle,1,231,99.738665,True
reliable_idle,1,232,99.836843,True
reliable_idle,1,233,99.764555,True
reliable_idle,1,234,99.843606,True
reliable_idle,1,235,99.829434,True
reliable_idle,1,236,99.473812,True
reliable_idle,1,237,98.049141,True
reliable_idle,1,238,102.125778,True
reliable_idle,1,239,99.762409,True
reliable_idle,1,240,99.688582,True
reliable_idle,1,241,98.183900,True
reliable_idle,1,242,99.855989,True
reliable_idle,1,243,101.763429,True
reliable_idle,1,244,99.723569,True
reliable_idle,1,245,99.678700,True
reliable_idle,1,246,98.161793,True
reliable_idle,1,247,99.423992,True
reliable_idle,1,248,102.241631,True
reliable_idle,1,249,99.999976,True
reliable_idle,1,250,99.639829,True
reliable_idle,1,251,100.134076,True
reliable_idle,1,252,99.526008,True
reliable_idle,1,253,99.842422,True
reliable_idle,1,254,99.561529,True
reliable_idle,1,255,97.616714,True
reliable_idle,1,256,102.080442,True
reliable_idle,1,257,97.660199,True
reliable_idle,1,258,102.167348,True
reliable_idle,1,259,99.865145,True
reliable_idle,1,260,99.601577,True
reliable_idle,1,261,97.951236,True
reliable_idle,1,262,102.009469,True
reliable_idle,1,263,99.617488,True
reliable_idle,1,264,99.695939,True
reliable_idle,1,265,99.828610,True
reliable_idle,1,266,98.038354,True
reliable_idle,1,267,99.587574,True
reliable_idle,1,268,102.064876,True
reliable_idle,1,269,100.124770,True
reliable_idle,1,270,99.539745,True
reliable_idle,1,271,99.761077,True
reliable_idle,1,272,99.849088,True
reliable_idle,1,273,99.698987,True
reliable_idle,1,274,99.956403,True
reliable_idle,1,275,99.575670,True
reliable_idle,1,276,98.121616,True
reliable_idle,1,277,99.677442,True
reliable_idle,1,278,101.986195,True
reliable_idle,1,279,99.742237,True
reliable_idle,1,280,99.739119,True
reliable_idle,1,281,99.858345,True
reliable_idle,1,282,100.077451,True
reliable_idle,1,283,99.526877,True
reliable_idle,1,284,99.754082,True
reliable_idle,1,285,99.808338,True
reliable_idle,1,286,98.780631,True
reliable_idle,1,287,99.028395,True
reliable_idle,1,288,101.923346,True
reliable_idle,1,289,99.941722,True
reliable_idle,1,290,99.706239,True
reliable_idle,1,291,99.807592,True
reliable_idle,1,292,99.689968,True
reliable_idle,1,293,99.806033,True
reliable_idle,1,294,99.783107,True
reliable_idle,1,295,99.837290,True
reliable_idle,1,296,98.073528,True
reliable_idle,1,297,99.685985,True
reliable_idle,1,298,101.831513,True
reliable_idle,1,299,99.950905,True
reliable_idle,1,300,99.660231,True
reliable_idle,1,301,99.822581,True
reliable_idle,1,302,100.095571,True
reliable_idle,1,303,99.577303,True
reliable_idle,1,304,99.700274,True
reliable_idle,1,305,99.844675,True
reliable_idle,1,306,99.253702,True
reliable_idle,1,307,98.327689,True
reliable_idle,1,308,101.853689,True
reliable_idle,1,309,100.077240,True
reliable_idle,1,310,99.627115,True
reliable_idle,1,311,99.805465,True
reliable_idle,1,312,99.985144,True
reliable_idle,1,313,99.622406,True
reliable_idle,1,314,99.732891,True
reliable_idle,1,315,97.980113,True
reliable_idle,1,316,99.565742,True
reliable_idle,1,317,99.946334,True
reliable_idle,1,318,100.121339,True
reliable_idle,1,319,102.115801,True
reliable_idle,1,320,99.506364,True
reliable_idle,1,321,98.025574,True
reliable_idle,1,322,101.943892,True
reliable_idle,1,323,99.963011,True
reliable_idle,1,324,99.574961,True
reliable_idle,1,325,99.610314,True
reliable_idle,1,326,98.002583,True
reliable_idle,1,327,99.738765,True
reliable_idle,1,328,102.177570,True
reliable_idle,1,329,99.873094,True
reliable_idle,1,330,97.230674,True
reliable_idle,1,331,101.393388,True
reliable_idle,1,332,100.717152,True
reliable_idle,1,333,99.922415,True
reliable_idle,1,334,99.829352,True
reliable_idle,1,335,99.549917,True
reliable_idle,1,336,97.920694,True
reliable_idle,1,337,99.633084,True
reliable_idle,1,338,101.995726,True
reliable_idle,1,339,99.805257,True
reliable_idle,1,340,99.991482,True
reliable_idle,1,341,99.897246,True
reliable_idle,1,342,99.574297,True
reliable_idle,1,343,99.794362,True
reliable_idle,1,344,99.979445,True
reliable_idle,1,345,99.490520,True
reliable_idle,1,346,98.076195,True
reliable_idle,1,347,99.507001,True
reliable_idle,1,348,102.143136,True
reliable_idle,1,349,99.901459,True
reliable_idle,1,350,99.968325,True
reliable_idle,1,351,99.585136,True
reliable_idle,1,352,99.682082,True
reliable_idle,1,353,99.894562,True
reliable_idle,1,354,99.747677,True
reliable_idle,1,355,99.678768,True
reliable_idle,1,356,98.201724,True
reliable_idle,1,357,99.578084,True
reliable_idle,1,358,102.244942,True
reliable_idle,1,359,99.675853,True
reliable_idle,1,360,99.670059,True
reliable_idle,1,361,99.992857,True
reliable_idle,1,362,99.619942,True
reliable_idle,1,363,99.679540,True
reliable_idle,1,364,100.222023,True
reliable_idle,1,365,99.332986,True
reliable_idle,1,366,98.093986,True
reliable_idle,1,367,99.495914,True
reliable_idle,1,368,102.190037,True
reliable_idle,1,369,100.101413,True
reliable_idle,1,370,99.008327,True
reliable_idle,1,371,100.457969,True
reliable_idle,1,372,99.611560,True
reliable_idle,1,373,99.707603,True
reliable_idle,1,374,100.151556,True
reliable_idle,1,375,97.807574,True
reliable_idle,1,376,101.568354,True
reliable_idle,1,377,97.644800,True
reliable_idle,1,378,100.227185,True
reliable_idle,1,379,101.983176,True
reliable_idle,1,380,99.920664,True
reliable_idle,1,381,99.510978,True
reliable_idle,1,382,99.879152,True
reliable_idle,1,383,99.332911,True
reliable_idle,1,384,100.118046,True
reliable_idle,1,385,99.827055,True
reliable_idle,1,386,98.112602,True
reliable_idle,1,387,101.637500,True
reliable_idle,1,388,100.151717,True
reliable_idle,1,389,99.834351,True
reliable_idle,1,390,99.376487,True
reliable_idle,1,391,100.141291,True
reliable_idle,1,392,99.533635,True
reliable_idle,1,393,99.759704,True
reliable_idle,1,394,100.058733,True
reliable_idle,1,395,99.528578,True
reliable_idle,1,396,98.205889,True
reliable_idle,1,397,99.292763,True
reliable_idle,1,398,102.279825,True
reliable_idle,1,399,99.930009,True
reliable_idle,1,400,99.584894,True
reliable_idle,1,401,99.823280,True
reliable_idle,1,402,99.799940,True
reliable_idle,1,403,99.792180,True
reliable_idle,1,404,99.715342,True
reliable_idle,1,405,99.739278,True
reliable_idle,1,406,97.548307,True
reliable_idle,1,407,100.415223,True
reliable_idle,1,408,101.879513,True
reliable_idle,1,409,99.685052,True
reliable_idle,1,410,99.732812,True
reliable_idle,1,411,100.083554,True
reliable_idle,1,412,99.474383,True
reliable_idle,1,413,100.144463,True
reliable_idle,1,414,99.542474,True
reliable_idle,1,415,99.689880,True
reliable_idle,1,416,97.595168,True
reliable_idle,1,417,100.204526,True
reliable_idle,1,418,102.130482,True
reliable_idle,1,419,99.586013,True
reliable_idle,1,420,99.736716,True
reliable_idle,1,421,99.929437,True
reliable_idle,1,422,99.553310,True
reliable_idle,1,423,99.848125,True
reliable_idle,1,424,100.088567,True
reliable_idle,1,425,99.522798,True
reliable_idle,1,426,98.029482,True
reliable_idle,1,427,99.609478,True
reliable_idle,1,428,102.229195,True
reliable_idle,1,429,100.095089,True
reliable_idle,1,430,99.322383,True
reliable_idle,1,431,99.737707,True
reliable_idle,1,432,99.809814,True
reliable_idle,1,433,99.864530,True
reliable_idle,1,434,99.777932,True
reliable_idle,1,435,99.152838,True
reliable_idle,1,436,98.790417,True
reliable_idle,1,437,101.421602,True
reliable_idle,1,438,99.818396,True
reliable_idle,1,439,99.807937,True
reliable_idle,1,440,100.041877,True
reliable_idle,1,441,99.659080,True
reliable_idle,1,442,99.633628,True
reliable_idle,1,443,99.756319,True
reliable_idle,1,444,99.920035,True
reliable_idle,1,445,99.663957,True
reliable_idle,1,446,97.550035,True
reliable_idle,1,447,100.138968,True
reliable_idle,1,448,102.019858,True
reliable_idle,1,449,99.833100,True
reliable_idle,1,450,99.685883,True
reliable_idle,1,451,100.038331,True
reliable_idle,1,452,99.496597,True
reliable_idle,1,453,99.818534,True
reliable_idle,1,454,99.821987,True
reliable_idle,1,455,99.763646,True
reliable_idle,1,456,99.755454,True
reliable_idle,1,457,97.673951,True
reliable_idle,1,458,102.181790,True
reliable_idle,1,459,99.653006,True
reliable_idle,1,460,99.886522,True
reliable_idle,1,461,99.839865,True
reliable_idle,1,462,99.687670,True
reliable_idle,1,463,99.781833,True
reliable_idle,1,464,99.800022,True
reliable_idle,1,465,99.747842,True
reliable_idle,1,466,99.854382,True
reliable_idle,1,467,97.625660,True
reliable_idle,1,468,102.111521,True
reliable_idle,1,469,99.902081,True
reliable_idle,1,470,99.947395,True
reliable_idle,1,471,99.522228,True
reliable_idle,1,472,99.809460,True
reliable_idle,1,473,99.843226,True
reliable_idle,1,474,99.832820,True
reliable_idle,1,475,99.700111,True
reliable_idle,1,476,98.172509,True
reliable_idle,1,477,99.555349,True
reliable_idle,1,478,101.841948,True
reliable_idle,1,479,99.969578,True
reliable_idle,1,480,99.459482,True
reliable_idle,1,481,98.009872,True
reliable_idle,1,482,101.911230,True
reliable_idle,1,483,99.869790,True
reliable_idle,1,484,99.996833,True
reliable_idle,1,485,99.561058,True
reliable_idle,1,486,98.156219,True
reliable_idle,1,487,99.445387,True
reliable_idle,1,488,102.368947,True
reliable_idle,1,489,99.451337,True
reliable_idle,1,490,99.912299,True
reliable_idle,1,491,99.700802,True
reliable_idle,1,492,99.820642,True
reliable_idle,1,493,99.988020,True
reliable_idle,1,494,99.661350,True
reliable_idle,1,495,97.667909,True
reliable_idle,1,496,101.335211,True
reliable_idle,1,497,98.452879,True
reliable_idle,1,498,102.075021,True
reliable_idle,1,499,97.502557,True
reliable_idle,1,500,100.035052,True
reliable_idle,1,501,99.879842,True
reliable_idle,1,502,100.054108,True
reliable_idle,1,503,99.996358,True
reliable_idle,1,504,99.879292,True
reliable_idle,1,505,100.022256,True
reliable_idle,1,506,99.753469,True
reliable_idle,1,507,99.942283,True
reliable_idle,1,508,100.067197,True
reliable_idle,1,509,100.007333,True
reliable_idle,1,510,99.773440,True
reliable_idle,1,511,100.051756,True
reliable_idle,1,512,99.928477,True
reliable_idle,1,513,102.076214,True
reliable_idle,1,514,99.818387,True
reliable_idle,1,515,99.713710,True
reliable_idle,1,516,98.417339,True
reliable_idle,1,517,99.533259,True
reliable_idle,1,518,101.941145,True
reliable_idle,1,519,97.610851,True
reliable_idle,1,520,101.970440,True
reliable_idle,1,521,100.241113,True
reliable_idle,1,522,99.474599,True
reliable_idle,1,523,99.689918,True
reliable_idle,1,524,100.246940,True
reliable_idle,1,525,99.622973,True
reliable_idle,1,526,98.289160,True
reliable_idle,1,527,99.445022,True
reliable_idle,1,528,101.738630,True
reliable_idle,1,529,99.960105,True
reliable_idle,1,530,99.769787,True
reliable_idle,1,531,99.927115,True
reliable_idle,1,532,99.483550,True
reliable_idle,1,533,100.045425,True
reliable_idle,1,534,99.839382,True
reliable_idle,1,535,99.810788,True
reliable_idle,1,536,97.489438,True
reliable_idle,1,537,100.239652,True
reliable_idle,1,538,102.147358,True
reliable_idle,1,539,99.673707,True
reliable_idle,1,540,99.616945,True
reliable_idle,1,541,98.282177,True
reliable_idle,1,542,101.426162,True
reliable_idle,1,543,99.983961,True
reliable_idle,1,544,99.577231,True
reliable_idle,1,545,99.792577,True
reliable_idle,1,546,99.861026,True
reliable_idle,1,547,97.931019,True
reliable_idle,1,548,102.087396,True
reliable_idle,1,549,99.877311,True
reliable_idle,1,550,99.441004,True
reliable_idle,1,551,99.782456,True
reliable_idle,1,552,99.735152,True
reliable_idle,1,553,100.145043,True
reliable_idle,1,554,99.770642,True
reliable_idle,1,555,97.384439,True
reliable_idle,1,556,99.900440,True
reliable_idle,1,557,100.143432,True
reliable_idle,1,558,101.875131,True
reliable_idle,1,559,99.775301,True
reliable_idle,1,560,99.757422,True
reliable_idle,1,561,98.129342,True
reliable_idle,1,562,101.048007,True
reliable_idle,1,563,100.429556,True
reliable_idle,1,564,99.730524,True
reliable_idle,1,565,99.744047,True
reliable_idle,1,566,97.786250,True
reliable_idle,1,567,99.775639,True
reliable_idle,1,568,102.162112,True
reliable_idle,1,569,99.726116,True
reliable_idle,1,570,99.808153,True
reliable_idle,1,571,99.856294,True
reliable_idle,1,572,99.814051,True
reliable_idle,1,573,99.684659,True
reliable_idle,1,574,99.835683,True
reliable_idle,1,575,99.795930,True
reliable_idle,1,576,98.256400,True
reliable_idle,1,577,99.377327,True
reliable_idle,1,578,102.100881,True
reliable_idle,1,579,99.798052,True
reliable_idle,1,580,99.280159,True
reliable_idle,1,581,100.355435,True
reliable_idle,1,582,99.681814,True
reliable_idle,1,583,99.744271,True
reliable_idle,1,584,99.923828,True
reliable_idle,1,585,99.719273,True
reliable_idle,1,586,97.379737,True
reliable_idle,1,587,102.315300,True
reliable_idle,1,588,99.916957,True
reliable_idle,1,589,99.638825,True
reliable_idle,1,590,99.797574,True
reliable_idle,1,591,99.784221,True
reliable_idle,1,592,99.810429,True
reliable_idle,1,593,99.835285,True
reliable_idle,1,594,99.683526,True
reliable_idle,1,595,99.784108,True
reliable_idle,1,596,98.320929,True
reliable_idle,1,597,99.517798,True
reliable_idle,1,598,101.549542,True
reliable_idle,1,599,100.000695,True
reliable_idle,2,0,7.771472,True
reliable_idle,2,1,102.134106,True
reliable_idle,2,2,99.963742,True
reliable_idle,2,3,99.646389,True
reliable_idle,2,4,99.754779,True
reliable_idle,2,5,99.794645,True
reliable_idle,2,6,99.772286,True
reliable_idle,2,7,99.855353,True
reliable_idle,2,8,99.662061,True
reliable_idle,2,9,97.513696,True
reliable_idle,2,10,100.123357,True
reliable_idle,2,11,101.257533,True
reliable_idle,2,12,100.595343,True
reliable_idle,2,13,99.796663,True
reliable_idle,2,14,99.801577,True
reliable_idle,2,15,99.758284,True
reliable_idle,2,16,99.742108,True
reliable_idle,2,17,99.836990,True
reliable_idle,2,18,97.581617,True
reliable_idle,2,19,102.128818,True
reliable_idle,2,20,97.578520,True
reliable_idle,2,21,102.058118,True
reliable_idle,2,22,99.892455,True
reliable_idle,2,23,100.008612,True
reliable_idle,2,24,99.515814,True
reliable_idle,2,25,99.795816,True
reliable_idle,2,26,99.845017,True
reliable_idle,2,27,99.755067,True
reliable_idle,2,28,97.557661,True
reliable_idle,2,29,102.145074,True
reliable_idle,2,30,97.663810,True
reliable_idle,2,31,102.092857,True
reliable_idle,2,32,97.756203,True
reliable_idle,2,33,101.963443,True
reliable_idle,2,34,99.735009,True
reliable_idle,2,35,99.785995,True
reliable_idle,2,36,100.074915,True
reliable_idle,2,37,99.811331,True
reliable_idle,2,38,97.336080,True
reliable_idle,2,39,102.008472,True
reliable_idle,2,40,97.682285,True
reliable_idle,2,41,102.201274,True
reliable_idle,2,42,99.959653,True
reliable_idle,2,43,99.829518,True
reliable_idle,2,44,97.403716,True
reliable_idle,2,45,101.941016,True
reliable_idle,2,46,99.258008,True
reliable_idle,2,47,100.679878,True
reliable_idle,2,48,99.425911,True
reliable_idle,2,49,98.417646,True
reliable_idle,2,50,99.196410,True
reliable_idle,2,51,102.084766,True
reliable_idle,2,52,99.769700,True
reliable_idle,2,53,99.746038,True
reliable_idle,2,54,99.786891,True
reliable_idle,2,55,99.822331,True
reliable_idle,2,56,99.986105,True
reliable_idle,2,57,99.587517,True
reliable_idle,2,58,99.619653,True
reliable_idle,2,59,99.961302,True
reliable_idle,2,60,97.674912,True
reliable_idle,2,61,102.117878,True
reliable_idle,2,62,99.669501,True
reliable_idle,2,63,99.787718,True
reliable_idle,2,64,99.841399,True
reliable_idle,2,65,99.744916,True
reliable_idle,2,66,99.243790,True
reliable_idle,2,67,100.275480,True
reliable_idle,2,68,99.738101,True
reliable_idle,2,69,97.620839,True
reliable_idle,2,70,100.212525,True
reliable_idle,2,71,101.376251,True
reliable_idle,2,72,100.377682,True
reliable_idle,2,73,99.975690,True
reliable_idle,2,74,99.471419,True
reliable_idle,2,75,99.809510,True
reliable_idle,2,76,99.748547,True
reliable_idle,2,77,99.837307,True
reliable_idle,2,78,99.769063,True
reliable_idle,2,79,99.782180,True
reliable_idle,2,80,97.737833,True
reliable_idle,2,81,102.018777,True
reliable_idle,2,82,99.705527,True
reliable_idle,2,83,99.763821,True
reliable_idle,2,84,99.799253,True
reliable_idle,2,85,99.776678,True
reliable_idle,2,86,100.066340,True
reliable_idle,2,87,99.466487,True
reliable_idle,2,88,99.844155,True
reliable_idle,2,89,97.558409,True
reliable_idle,2,90,102.221162,True
reliable_idle,2,91,99.959186,True
reliable_idle,2,92,99.860360,True
reliable_idle,2,93,99.439222,True
reliable_idle,2,94,99.726892,True
reliable_idle,2,95,99.787607,True
reliable_idle,2,96,100.192202,True
reliable_idle,2,97,99.552395,True
reliable_idle,2,98,99.612200,True
reliable_idle,2,99,98.385245,True
reliable_idle,2,100,99.050488,True
reliable_idle,2,101,102.395678,True
reliable_idle,2,102,99.719151,True
reliable_idle,2,103,100.027597,True
reliable_idle,2,104,99.548605,True
reliable_idle,2,105,99.747547,True
reliable_idle,2,106,99.775155,True
reliable_idle,2,107,99.738475,True
reliable_idle,2,108,99.759928,True
reliable_idle,2,109,99.757908,True
reliable_idle,2,110,97.632485,True
reliable_idle,2,111,102.201725,True
reliable_idle,2,112,99.729479,True
reliable_idle,2,113,100.079814,True
reliable_idle,2,114,99.756953,True
reliable_idle,2,115,99.481534,True
reliable_idle,2,116,99.817148,True
reliable_idle,2,117,99.908359,True
reliable_idle,2,118,99.565078,True
reliable_idle,2,119,97.624482,True
reliable_idle,2,120,102.128016,True
reliable_idle,2,121,100.036181,True
reliable_idle,2,122,99.868434,True
reliable_idle,2,123,99.461672,True
reliable_idle,2,124,100.142748,True
reliable_idle,2,125,99.493190,True
reliable_idle,2,126,99.652381,True
reliable_idle,2,127,100.097278,True
reliable_idle,2,128,99.523081,True
reliable_idle,2,129,97.852427,True
reliable_idle,2,130,99.679563,True
reliable_idle,2,131,102.083592,True
reliable_idle,2,132,99.851349,True
reliable_idle,2,133,99.970313,True
reliable_idle,2,134,99.916195,True
reliable_idle,2,135,99.445426,True
reliable_idle,2,136,99.286172,True
reliable_idle,2,137,100.251263,True
reliable_idle,2,138,99.787830,True
reliable_idle,2,139,97.729139,True
reliable_idle,2,140,100.066802,True
reliable_idle,2,141,101.989731,True
reliable_idle,2,142,100.011659,True
reliable_idle,2,143,99.759979,True
reliable_idle,2,144,99.545939,True
reliable_idle,2,145,97.541552,True
reliable_idle,2,146,102.472933,True
reliable_idle,2,147,99.501965,True
reliable_idle,2,148,99.681921,True
reliable_idle,2,149,98.504864,True
reliable_idle,2,150,99.329869,True
reliable_idle,2,151,102.127470,True
reliable_idle,2,152,99.530885,True
reliable_idle,2,153,99.731808,True
reliable_idle,2,154,99.955298,True
reliable_idle,2,155,99.702011,True
reliable_idle,2,156,99.881317,True
reliable_idle,2,157,99.813796,True
reliable_idle,2,158,97.423334,True
reliable_idle,2,159,102.152105,True
reliable_idle,2,160,97.988992,True
reliable_idle,2,161,100.061300,True
reliable_idle,2,162,101.929649,True
reliable_idle,2,163,99.530543,True
reliable_idle,2,164,99.680138,True
reliable_idle,2,165,99.351517,True
reliable_idle,2,166,100.593714,True
reliable_idle,2,167,99.511899,True
reliable_idle,2,168,99.747895,True
reliable_idle,2,169,97.857085,True
reliable_idle,2,170,99.769515,True
reliable_idle,2,171,102.293093,True
reliable_idle,2,172,99.627311,True
reliable_idle,2,173,99.992703,True
reliable_idle,2,174,99.421732,True
reliable_idle,2,175,99.899489,True
reliable_idle,2,176,100.102012,True
reliable_idle,2,177,99.753790,True
reliable_idle,2,178,99.464398,True
reliable_idle,2,179,99.804224,True
reliable_idle,2,180,97.591410,True
reliable_idle,2,181,102.304538,True
reliable_idle,2,182,99.794588,True
reliable_idle,2,183,99.674078,True
reliable_idle,2,184,99.871006,True
reliable_idle,2,185,99.577206,True
reliable_idle,2,186,99.811327,True
reliable_idle,2,187,99.731560,True
reliable_idle,2,188,99.732482,True
reliable_idle,2,189,99.846607,True
reliable_idle,2,190,99.733290,True
reliable_idle,2,191,99.745838,True
reliable_idle,2,192,99.809779,True
reliable_idle,2,193,100.062593,True
reliable_idle,2,194,99.532238,True
reliable_idle,2,195,100.035611,True
reliable_idle,2,196,99.659791,True
reliable_idle,2,197,99.643064,True
reliable_idle,2,198,99.786744,True
reliable_idle,2,199,97.831013,True
reliable_idle,2,200,99.888982,True
reliable_idle,2,201,102.045000,True
reliable_idle,2,202,99.684295,True
reliable_idle,2,203,99.886899,True
reliable_idle,2,204,99.762639,True
reliable_idle,2,205,99.722174,True
reliable_idle,2,206,99.989939,True
reliable_idle,2,207,99.567471,True
reliable_idle,2,208,99.785492,True
reliable_idle,2,209,98.441619,True
reliable_idle,2,210,99.057300,True
reliable_idle,2,211,102.209694,True
reliable_idle,2,212,99.848616,True
reliable_idle,2,213,99.730030,True
reliable_idle,2,214,98.262193,True
reliable_idle,2,215,101.043416,True
reliable_idle,2,216,100.603254,True
reliable_idle,2,217,99.425128,True
reliable_idle,2,218,99.857993,True
reliable_idle,2,219,99.308757,True
reliable_idle,2,220,98.139963,True
reliable_idle,2,221,102.342493,True
reliable_idle,2,222,99.245163,True
reliable_idle,2,223,100.151693,True
reliable_idle,2,224,99.762960,True
reliable_idle,2,225,99.960579,True
reliable_idle,2,226,99.855589,True
reliable_idle,2,227,99.564123,True
reliable_idle,2,228,99.690859,True
reliable_idle,2,229,98.537172,True
reliable_idle,2,230,99.247141,True
reliable_idle,2,231,101.860712,True
reliable_idle,2,232,100.133556,True
reliable_idle,2,233,99.496002,True
reliable_idle,2,234,99.778337,True
reliable_idle,2,235,99.402007,True
reliable_idle,2,236,100.282080,True
reliable_idle,2,237,99.812465,True
reliable_idle,2,238,99.657262,True
reliable_idle,2,239,98.637558,True
reliable_idle,2,240,98.998322,True
reliable_idle,2,241,102.083839,True
reliable_idle,2,242,99.990686,True
reliable_idle,2,243,99.586039,True
reliable_idle,2,244,99.748177,True
reliable_idle,2,245,99.914479,True
reliable_idle,2,246,99.743166,True
reliable_idle,2,247,99.745534,True
reliable_idle,2,248,99.833240,True
reliable_idle,2,249,99.755499,True
reliable_idle,2,250,97.708845,True
reliable_idle,2,251,102.296959,True
reliable_idle,2,252,99.835258,True
reliable_idle,2,253,99.430736,True
reliable_idle,2,254,99.817177,True
reliable_idle,2,255,98.431701,True
reliable_idle,2,256,101.358480,True
reliable_idle,2,257,99.840760,True
reliable_idle,2,258,99.759567,True
reliable_idle,2,259,99.642918,True
reliable_idle,2,260,97.875430,True
reliable_idle,2,261,101.912632,True
reliable_idle,2,262,99.860740,True
reliable_idle,2,263,99.748731,True
reliable_idle,2,264,100.052641,True
reliable_idle,2,265,99.669936,True
reliable_idle,2,266,97.538668,True
reliable_idle,2,267,102.000926,True
reliable_idle,2,268,99.776337,True
reliable_idle,2,269,99.782723,True
reliable_idle,2,270,97.651378,True
reliable_idle,2,271,102.205376,True
reliable_idle,2,272,100.019545,True
reliable_idle,2,273,99.538000,True
reliable_idle,2,274,99.687439,True
reliable_idle,2,275,99.837199,True
reliable_idle,2,276,100.058080,True
reliable_idle,2,277,99.658212,True
reliable_idle,2,278,99.584659,True
reliable_idle,2,279,99.763036,True
reliable_idle,2,280,97.588242,True
reliable_idle,2,281,102.124298,True
reliable_idle,2,282,99.894274,True
reliable_idle,2,283,99.710220,True
reliable_idle,2,284,99.757959,True
reliable_idle,2,285,99.789808,True
reliable_idle,2,286,99.857846,True
reliable_idle,2,287,99.717491,True
reliable_idle,2,288,99.804988,True
reliable_idle,2,289,98.608942,True
reliable_idle,2,290,99.227119,True
reliable_idle,2,291,101.944152,True
reliable_idle,2,292,99.844514,True
reliable_idle,2,293,99.591662,True
reliable_idle,2,294,99.774487,True
reliable_idle,2,295,100.053135,True
reliable_idle,2,296,99.888714,True
reliable_idle,2,297,99.559033,True
reliable_idle,2,298,99.673358,True
reliable_idle,2,299,98.000126,True
reliable_idle,2,300,99.742568,True
reliable_idle,2,301,101.889338,True
reliable_idle,2,302,100.207006,True
reliable_idle,2,303,99.511607,True
reliable_idle,2,304,99.834616,True
reliable_idle,2,305,99.117753,True
reliable_idle,2,306,100.356203,True
reliable_idle,2,307,99.987349,True
reliable_idle,2,308,99.492074,True
reliable_idle,2,309,97.748761,True
reliable_idle,2,310,99.796880,True
reliable_idle,2,311,102.118252,True
reliable_idle,2,312,99.841406,True
reliable_idle,2,313,99.778126,True
reliable_idle,2,314,97.503031,True
reliable_idle,2,315,102.254718,True
reliable_idle,2,316,100.054288,True
reliable_idle,2,317,99.484224,True
reliable_idle,2,318,97.672704,True
reliable_idle,2,319,99.858332,True
reliable_idle,2,320,100.270585,True
reliable_idle,2,321,101.798648,True
reliable_idle,2,322,99.893314,True
reliable_idle,2,323,97.486147,True
reliable_idle,2,324,101.323824,True
reliable_idle,2,325,100.729699,True
reliable_idle,2,326,99.686398,True
reliable_idle,2,327,99.756577,True
reliable_idle,2,328,99.835651,True
reliable_idle,2,329,98.472863,True
reliable_idle,2,330,99.318685,True
reliable_idle,2,331,101.821847,True
reliable_idle,2,332,99.864920,True
reliable_idle,2,333,99.730532,True
reliable_idle,2,334,97.997531,True
reliable_idle,2,335,101.736287,True
reliable_idle,2,336,99.734153,True
reliable_idle,2,337,99.768350,True
reliable_idle,2,338,97.618959,True
reliable_idle,2,339,100.207569,True
reliable_idle,2,340,99.539959,True
reliable_idle,2,341,102.197117,True
reliable_idle,2,342,99.890456,True
reliable_idle,2,343,99.722973,True
reliable_idle,2,344,99.814426,True
reliable_idle,2,345,99.781692,True
reliable_idle,2,346,99.732076,True
reliable_idle,2,347,99.722892,True
reliable_idle,2,348,99.789420,True
reliable_idle,2,349,99.789223,True
reliable_idle,2,350,97.679382,True
reliable_idle,2,351,102.045894,True
reliable_idle,2,352,99.824635,True
reliable_idle,2,353,99.804824,True
reliable_idle,2,354,99.817686,True
reliable_idle,2,355,99.770853,True
reliable_idle,2,356,99.802537,True
reliable_idle,2,357,99.704549,True
reliable_idle,2,358,99.862106,True
reliable_idle,2,359,99.695758,True
reliable_idle,2,360,97.639319,True
reliable_idle,2,361,102.066372,True
reliable_idle,2,362,98.144766,True
reliable_idle,2,363,101.591230,True
reliable_idle,2,364,99.928181,True
reliable_idle,2,365,99.653960,True
reliable_idle,2,366,99.826991,True
reliable_idle,2,367,99.739136,True
reliable_idle,2,368,99.882142,True
reliable_idle,2,369,97.790433,True
reliable_idle,2,370,99.878148,True
reliable_idle,2,371,99.678986,True
reliable_idle,2,372,102.198831,True
reliable_idle,2,373,99.835088,True
reliable_idle,2,374,99.968177,True
reliable_idle,2,375,99.545964,True
reliable_idle,2,376,99.756822,True
reliable_idle,2,377,99.754862,True
reliable_idle,2,378,99.790449,True
reliable_idle,2,379,98.623934,True
reliable_idle,2,380,98.841559,True
reliable_idle,2,381,102.162867,True
reliable_idle,2,382,99.888535,True
reliable_idle,2,383,99.671456,True
reliable_idle,2,384,100.091916,True
reliable_idle,2,385,99.497100,True
reliable_idle,2,386,99.793290,True
reliable_idle,2,387,99.828928,True
reliable_idle,2,388,99.799601,True
reliable_idle,2,389,99.365000,True
reliable_idle,2,390,98.190358,True
reliable_idle,2,391,102.035951,True
reliable_idle,2,392,99.924826,True
reliable_idle,2,393,99.618762,True
reliable_idle,2,394,99.809649,True
reliable_idle,2,395,99.857152,True
reliable_idle,2,396,99.820814,True
reliable_idle,2,397,99.775784,True
reliable_idle,2,398,99.770731,True
reliable_idle,2,399,97.928169,True
reliable_idle,2,400,99.763198,True
reliable_idle,2,401,101.982459,True
reliable_idle,2,402,99.794490,True
reliable_idle,2,403,99.798859,True
reliable_idle,2,404,99.803559,True
reliable_idle,2,405,99.773435,True
reliable_idle,2,406,99.860237,True
reliable_idle,2,407,99.821440,True
reliable_idle,2,408,99.727123,True
reliable_idle,2,409,97.854698,True
reliable_idle,2,410,99.766201,True
reliable_idle,2,411,102.041811,True
reliable_idle,2,412,99.720776,True
reliable_idle,2,413,99.861498,True
reliable_idle,2,414,98.356187,True
reliable_idle,2,415,101.316047,True
reliable_idle,2,416,99.750138,True
reliable_idle,2,417,99.988405,True
reliable_idle,2,418,99.651000,True
reliable_idle,2,419,97.881058,True
reliable_idle,2,420,99.911089,True
reliable_idle,2,421,101.821900,True
reliable_idle,2,422,99.974642,True
reliable_idle,2,423,99.637007,True
reliable_idle,2,424,99.966164,True
reliable_idle,2,425,99.580648,True
reliable_idle,2,426,100.154479,True
reliable_idle,2,427,99.460311,True
reliable_idle,2,428,99.778399,True
reliable_idle,2,429,98.693984,True
reliable_idle,2,430,98.996372,True
reliable_idle,2,431,101.898319,True
reliable_idle,2,432,99.842540,True
reliable_idle,2,433,99.865432,True
reliable_idle,2,434,97.779459,True
reliable_idle,2,435,101.887675,True
reliable_idle,2,436,99.856254,True
reliable_idle,2,437,99.601690,True
reliable_idle,2,438,99.871648,True
reliable_idle,2,439,99.767175,True
reliable_idle,2,440,97.526618,True
reliable_idle,2,441,102.346374,True
reliable_idle,2,442,100.008267,True
reliable_idle,2,443,99.429519,True
reliable_idle,2,444,100.113530,True
reliable_idle,2,445,99.511202,True
reliable_idle,2,446,99.719330,True
reliable_idle,2,447,99.845505,True
reliable_idle,2,448,99.801537,True
reliable_idle,2,449,97.891999,True
reliable_idle,2,450,99.993468,True
reliable_idle,2,451,101.832249,True
reliable_idle,2,452,99.756265,True
reliable_idle,2,453,99.757351,True
reliable_idle,2,454,100.017583,True
reliable_idle,2,455,99.518841,True
reliable_idle,2,456,99.786187,True
reliable_idle,2,457,100.017417,True
reliable_idle,2,458,99.525082,True
reliable_idle,2,459,97.976461,True
reliable_idle,2,460,99.745921,True
reliable_idle,2,461,102.382630,True
reliable_idle,2,462,99.426841,True
reliable_idle,2,463,99.813780,True
reliable_idle,2,464,99.829341,True
reliable_idle,2,465,99.930056,True
reliable_idle,2,466,99.814648,True
reliable_idle,2,467,99.528479,True
reliable_idle,2,468,99.809170,True
reliable_idle,2,469,97.878929,True
reliable_idle,2,470,99.989167,True
reliable_idle,2,471,102.082470,True
reliable_idle,2,472,99.723670,True
reliable_idle,2,473,99.744540,True
reliable_idle,2,474,99.989542,True
reliable_idle,2,475,99.396627,True
reliable_idle,2,476,100.108849,True
reliable_idle,2,477,99.825095,True
reliable_idle,2,478,99.442284,True
reliable_idle,2,479,98.762140,True
reliable_idle,2,480,99.085117,True
reliable_idle,2,481,102.160977,True
reliable_idle,2,482,99.460537,True
reliable_idle,2,483,99.866762,True
reliable_idle,2,484,99.708087,True
reliable_idle,2,485,99.792610,True
reliable_idle,2,486,100.095389,True
reliable_idle,2,487,99.799757,True
reliable_idle,2,488,99.697308,True
reliable_idle,2,489,97.831806,True
reliable_idle,2,490,99.818255,True
reliable_idle,2,491,102.076051,True
reliable_idle,2,492,97.689453,True
reliable_idle,2,493,101.786773,True
reliable_idle,2,494,97.903729,True
reliable_idle,2,495,101.869194,True
reliable_idle,2,496,99.751425,True
reliable_idle,2,497,99.801183,True
reliable_idle,2,498,99.704368,True
reliable_idle,2,499,98.037462,True
reliable_idle,2,500,99.554584,True
reliable_idle,2,501,102.276700,True
reliable_idle,2,502,99.713960,True
reliable_idle,2,503,99.744795,True
reliable_idle,2,504,99.923004,True
reliable_idle,2,505,99.797533,True
reliable_idle,2,506,99.666053,True
reliable_idle,2,507,99.856370,True
reliable_idle,2,508,99.739655,True
reliable_idle,2,509,98.771220,True
reliable_idle,2,510,98.904489,True
reliable_idle,2,511,101.948721,True
reliable_idle,2,512,99.866690,True
reliable_idle,2,513,99.712607,True
reliable_idle,2,514,98.202969,True
reliable_idle,2,515,101.675299,True
reliable_idle,2,516,99.715923,True
reliable_idle,2,517,99.739218,True
reliable_idle,2,518,99.818584,True
reliable_idle,2,519,98.031429,True
reliable_idle,2,520,99.766798,True
reliable_idle,2,521,101.817911,True
reliable_idle,2,522,99.794005,True
reliable_idle,2,523,99.815746,True
reliable_idle,2,524,99.777664,True
reliable_idle,2,525,99.825474,True
reliable_idle,2,526,100.126799,True
reliable_idle,2,527,99.456788,True
reliable_idle,2,528,99.823994,True
reliable_idle,2,529,98.083396,True
reliable_idle,2,530,99.663529,True
reliable_idle,2,531,102.275320,True
reliable_idle,2,532,99.503066,True
reliable_idle,2,533,99.900343,True
reliable_idle,2,534,97.962831,True
reliable_idle,2,535,101.586638,True
reliable_idle,2,536,99.797383,True
reliable_idle,2,537,100.088396,True
reliable_idle,2,538,99.428785,True
reliable_idle,2,539,97.556989,True
reliable_idle,2,540,100.130568,True
reliable_idle,2,541,102.052173,True
reliable_idle,2,542,99.810134,True
reliable_idle,2,543,97.784931,True
reliable_idle,2,544,99.638819,True
reliable_idle,2,545,100.003021,True
reliable_idle,2,546,102.277054,True
reliable_idle,2,547,100.048743,True
reliable_idle,2,548,97.191990,True
reliable_idle,2,549,101.967543,True
reliable_idle,2,550,98.170788,True
reliable_idle,2,551,101.930138,True
reliable_idle,2,552,99.956262,True
reliable_idle,2,553,99.984182,True
reliable_idle,2,554,97.596904,True
reliable_idle,2,555,101.817348,True
reliable_idle,2,556,97.727816,True
reliable_idle,2,557,102.016400,True
reliable_idle,2,558,99.818659,True
reliable_idle,2,559,99.780454,True
reliable_idle,2,560,97.559726,True
reliable_idle,2,561,102.082511,True
reliable_idle,2,562,100.010391,True
reliable_idle,2,563,97.590495,True
reliable_idle,2,564,101.995512,True
reliable_idle,2,565,99.801529,True
reliable_idle,2,566,99.773779,True
reliable_idle,2,567,99.775537,True
reliable_idle,2,568,99.804108,True
reliable_idle,2,569,97.902192,True
reliable_idle,2,570,99.614400,True
reliable_idle,2,571,102.113864,True
reliable_idle,2,572,99.853766,True
reliable_idle,2,573,99.757561,True
reliable_idle,2,574,98.118855,True
reliable_idle,2,575,101.570896,True
reliable_idle,2,576,99.834442,True
reliable_idle,2,577,99.806703,True
reliable_idle,2,578,99.798412,True
reliable_idle,2,579,99.737996,True
reliable_idle,2,580,97.616452,True
reliable_idle,2,581,102.091375,True
reliable_idle,2,582,99.834102,True
reliable_idle,2,583,99.776730,True
reliable_idle,2,584,99.618590,True
reliable_idle,2,585,99.763475,True
reliable_idle,2,586,99.882952,True
reliable_idle,2,587,99.714050,True
reliable_idle,2,588,99.758972,True
reliable_idle,2,589,97.518917,True
reliable_idle,2,590,100.451958,True
reliable_idle,2,591,101.698110,True
reliable_idle,2,592,99.793677,True
reliable_idle,2,593,99.831645,True
reliable_idle,2,594,97.791171,True
reliable_idle,2,595,101.988108,True
reliable_idle,2,596,99.714067,True
reliable_idle,2,597,99.230928,True
reliable_idle,2,598,100.284948,True
reliable_idle,2,599,99.919412,True
reliable_idle,3,0,99.097586,True
reliable_idle,3,1,101.205072,True
reliable_idle,3,2,97.629049,True
reliable_idle,3,3,101.946035,True
reliable_idle,3,4,97.517908,True
reliable_idle,3,5,102.329124,True
reliable_idle,3,6,99.787403,True
reliable_idle,3,7,99.828260,True
reliable_idle,3,8,99.766856,True
reliable_idle,3,9,99.277198,True
reliable_idle,3,10,100.324641,True
reliable_idle,3,11,99.750828,True
reliable_idle,3,12,99.822575,True
reliable_idle,3,13,98.115819,True
reliable_idle,3,14,99.377481,True
reliable_idle,3,15,102.134059,True
reliable_idle,3,16,99.860802,True
reliable_idle,3,17,99.745110,True
reliable_idle,3,18,99.809957,True
reliable_idle,3,19,99.828822,True
reliable_idle,3,20,99.600709,True
reliable_idle,3,21,99.864964,True
reliable_idle,3,22,99.721647,True
reliable_idle,3,23,98.041247,True
reliable_idle,3,24,99.610153,True
reliable_idle,3,25,102.014119,True
reliable_idle,3,26,99.888931,True
reliable_idle,3,27,99.662909,True
reliable_idle,3,28,99.843917,True
reliable_idle,3,29,100.032728,True
reliable_idle,3,30,99.502293,True
reliable_idle,3,31,99.860605,True
reliable_idle,3,32,97.643088,True
reliable_idle,3,33,99.750950,True
reliable_idle,3,34,100.168762,True
reliable_idle,3,35,102.024400,True
reliable_idle,3,36,99.825606,True
reliable_idle,3,37,99.789258,True
reliable_idle,3,38,97.724902,True
reliable_idle,3,39,102.276480,True
reliable_idle,3,40,99.546650,True
reliable_idle,3,41,99.726565,True
reliable_idle,3,42,99.841454,True
reliable_idle,3,43,99.358137,True
reliable_idle,3,44,98.101978,True
reliable_idle,3,45,101.608772,True
reliable_idle,3,46,100.308870,True
reliable_idle,3,47,99.765166,True
reliable_idle,3,48,98.064973,True
reliable_idle,3,49,101.711535,True
reliable_idle,3,50,99.663957,True
reliable_idle,3,51,99.899884,True
reliable_idle,3,52,97.423209,True
reliable_idle,3,53,102.265243,True
reliable_idle,3,54,97.552200,True
reliable_idle,3,55,102.107025,True
reliable_idle,3,56,99.850758,True
reliable_idle,3,57,99.824491,True
reliable_idle,3,58,99.734247,True
reliable_idle,3,59,99.823469,True
reliable_idle,3,60,99.746337,True
reliable_idle,3,61,99.797952,True
reliable_idle,3,62,99.717002,True
reliable_idle,3,63,98.232296,True
reliable_idle,3,64,99.491524,True
reliable_idle,3,65,102.116990,True
reliable_idle,3,66,99.969388,True
reliable_idle,3,67,99.575434,True
reliable_idle,3,68,97.851531,True
reliable_idle,3,69,101.896843,True
reliable_idle,3,70,99.680535,True
reliable_idle,3,71,99.843547,True
reliable_idle,3,72,99.660322,True
reliable_idle,3,73,98.303114,True
reliable_idle,3,74,99.577981,True
reliable_idle,3,75,101.895134,True
reliable_idle,3,76,99.702244,True
reliable_idle,3,77,100.143849,True
reliable_idle,3,78,99.434730,True
reliable_idle,3,79,99.769395,True
reliable_idle,3,80,99.761090,True
reliable_idle,3,81,99.816094,True
reliable_idle,3,82,99.730756,True
reliable_idle,3,83,97.993580,True
reliable_idle,3,84,99.745485,True
reliable_idle,3,85,102.167471,True
reliable_idle,3,86,99.760259,True
reliable_idle,3,87,99.605613,True
reliable_idle,3,88,97.949310,True
reliable_idle,3,89,101.663944,True
reliable_idle,3,90,99.744273,True
reliable_idle,3,91,100.188153,True
reliable_idle,3,92,97.175573,True
reliable_idle,3,93,102.167206,True
reliable_idle,3,94,97.546646,True
reliable_idle,3,95,102.205508,True
reliable_idle,3,96,99.708821,True
reliable_idle,3,97,99.843905,True
reliable_idle,3,98,99.775623,True
reliable_idle,3,99,99.731723,True
reliable_idle,3,100,99.775714,True
reliable_idle,3,101,99.754627,True
reliable_idle,3,102,99.701147,True
reliable_idle,3,103,98.083624,True
reliable_idle,3,104,99.667560,True
reliable_idle,3,105,101.956254,True
reliable_idle,3,106,99.891985,True
reliable_idle,3,107,99.715752,True
reliable_idle,3,108,97.782608,True
reliable_idle,3,109,102.025594,True
reliable_idle,3,110,99.610164,True
reliable_idle,3,111,99.903841,True
reliable_idle,3,112,97.311452,True
reliable_idle,3,113,100.552697,True
reliable_idle,3,114,99.517037,True
reliable_idle,3,115,102.480784,True
reliable_idle,3,116,99.567022,True
reliable_idle,3,117,99.688956,True
reliable_idle,3,118,99.706231,True
reliable_idle,3,119,99.857335,True
reliable_idle,3,120,100.161736,True
reliable_idle,3,121,99.758940,True
reliable_idle,3,122,99.408989,True
reliable_idle,3,123,98.134054,True
reliable_idle,3,124,99.621593,True
reliable_idle,3,125,101.878492,True
reliable_idle,3,126,100.033346,True
reliable_idle,3,127,99.520184,True
reliable_idle,3,128,99.972626,True
reliable_idle,3,129,99.661410,True
reliable_idle,3,130,99.707766,True
reliable_idle,3,131,99.691476,True
reliable_idle,3,132,99.805818,True
reliable_idle,3,133,98.195086,True
reliable_idle,3,134,99.566731,True
reliable_idle,3,135,102.230123,True
reliable_idle,3,136,99.780637,True
reliable_idle,3,137,99.872325,True
reliable_idle,3,138,99.450938,True
reliable_idle,3,139,99.988368,True
reliable_idle,3,140,99.780602,True
reliable_idle,3,141,99.912363,True
reliable_idle,3,142,99.498249,True
reliable_idle,3,143,97.627621,True
reliable_idle,3,144,99.951160,True
reliable_idle,3,145,102.041954,True
reliable_idle,3,146,100.118263,True
reliable_idle,3,147,99.469595,True
reliable_idle,3,148,100.082358,True
reliable_idle,3,149,99.484889,True
reliable_idle,3,150,99.828554,True
reliable_idle,3,151,99.798820,True
reliable_idle,3,152,99.756336,True
reliable_idle,3,153,99.780480,True
reliable_idle,3,154,97.669213,True
reliable_idle,3,155,101.970730,True
reliable_idle,3,156,99.796706,True
reliable_idle,3,157,100.137141,True
reliable_idle,3,158,99.795091,True
reliable_idle,3,159,99.569649,True
reliable_idle,3,160,99.658087,True
reliable_idle,3,161,99.904606,True
reliable_idle,3,162,99.563064,True
reliable_idle,3,163,100.289939,True
reliable_idle,3,164,97.597938,True
reliable_idle,3,165,101.907139,True
reliable_idle,3,166,99.780182,True
reliable_idle,3,167,99.784977,True
reliable_idle,3,168,99.816083,True
reliable_idle,3,169,100.020373,True
reliable_idle,3,170,98.100801,True
reliable_idle,3,171,101.359016,True
reliable_idle,3,172,99.846819,True
reliable_idle,3,173,98.198771,True
reliable_idle,3,174,99.479565,True
reliable_idle,3,175,101.938117,True
reliable_idle,3,176,99.806915,True
reliable_idle,3,177,99.835114,True
reliable_idle,3,178,99.886153,True
reliable_idle,3,179,99.770214,True
reliable_idle,3,180,99.674496,True
reliable_idle,3,181,99.812902,True
reliable_idle,3,182,99.766531,True
reliable_idle,3,183,99.837004,True
reliable_idle,3,184,97.569420,True
reliable_idle,3,185,101.296824,True
reliable_idle,3,186,100.651807,True
reliable_idle,3,187,99.894808,True
reliable_idle,3,188,98.300099,True
reliable_idle,3,189,101.392556,True
reliable_idle,3,190,99.865911,True
reliable_idle,3,191,99.680840,True
reliable_idle,3,192,99.661463,True
reliable_idle,3,193,97.931643,True
reliable_idle,3,194,99.869419,True
reliable_idle,3,195,101.849610,True
reliable_idle,3,196,99.845366,True
reliable_idle,3,197,99.823995,True
reliable_idle,3,198,99.849697,True
reliable_idle,3,199,99.921929,True
reliable_idle,3,200,99.544368,True
reliable_idle,3,201,100.128640,True
reliable_idle,3,202,98.947221,True
reliable_idle,3,203,98.735530,True
reliable_idle,3,204,99.553914,True
reliable_idle,3,205,101.941558,True
reliable_idle,3,206,100.049977,True
reliable_idle,3,207,99.590871,True
reliable_idle,3,208,99.690883,True
reliable_idle,3,209,99.850071,True
reliable_idle,3,210,99.734746,True
reliable_idle,3,211,99.783578,True
reliable_idle,3,212,97.544002,True
reliable_idle,3,213,100.472526,True
reliable_idle,3,214,99.662851,True
reliable_idle,3,215,101.906532,True
reliable_idle,3,216,100.027571,True
reliable_idle,3,217,99.824118,True
reliable_idle,3,218,99.825391,True
reliable_idle,3,219,99.440047,True
reliable_idle,3,220,99.877407,True
reliable_idle,3,221,99.727170,True
reliable_idle,3,222,97.531154,True
reliable_idle,3,223,100.676861,True
reliable_idle,3,224,99.523859,True
reliable_idle,3,225,101.815730,True
reliable_idle,3,226,99.803230,True
reliable_idle,3,227,100.030244,True
reliable_idle,3,228,99.791557,True
reliable_idle,3,229,99.635068,True
reliable_idle,3,230,99.757212,True
reliable_idle,3,231,99.949561,True
reliable_idle,3,232,99.602536,True
reliable_idle,3,233,100.062024,True
reliable_idle,3,234,97.588243,True
reliable_idle,3,235,101.867874,True
reliable_idle,3,236,100.106667,True
reliable_idle,3,237,99.415780,True
reliable_idle,3,238,100.061180,True
reliable_idle,3,239,99.597677,True
reliable_idle,3,240,99.767505,True
reliable_idle,3,241,100.021652,True
reliable_idle,3,242,99.520445,True
reliable_idle,3,243,98.303954,True
reliable_idle,3,244,99.606839,True
reliable_idle,3,245,100.651252,True
reliable_idle,3,246,101.184089,True
reliable_idle,3,247,99.664015,True
reliable_idle,3,248,100.149875,True
reliable_idle,3,249,99.408611,True
reliable_idle,3,250,100.180248,True
reliable_idle,3,251,99.594584,True
reliable_idle,3,252,97.491365,True
reliable_idle,3,253,102.078349,True
reliable_idle,3,254,98.506716,True
reliable_idle,3,255,101.338850,True
reliable_idle,3,256,99.659704,True
reliable_idle,3,257,99.825318,True
reliable_idle,3,258,99.627348,True
reliable_idle,3,259,99.869478,True
reliable_idle,3,260,99.831943,True
reliable_idle,3,261,99.512701,True
reliable_idle,3,262,100.020992,True
reliable_idle,3,263,97.530792,True
reliable_idle,3,264,100.011257,True
reliable_idle,3,265,100.072884,True
reliable_idle,3,266,102.050814,True
reliable_idle,3,267,99.681538,True
reliable_idle,3,268,99.813204,True
reliable_idle,3,269,99.835321,True
reliable_idle,3,270,99.782630,True
reliable_idle,3,271,99.838899,True
reliable_idle,3,272,99.757280,True
reliable_idle,3,273,98.283269,True
reliable_idle,3,274,99.297886,True
reliable_idle,3,275,102.179189,True
reliable_idle,3,276,99.816924,True
reliable_idle,3,277,99.629159,True
reliable_idle,3,278,99.833547,True
reliable_idle,3,279,99.766053,True
reliable_idle,3,280,99.730217,True
reliable_idle,3,281,99.819435,True
reliable_idle,3,282,99.786859,True
reliable_idle,3,283,98.415420,True
reliable_idle,3,284,99.248424,True
reliable_idle,3,285,102.091156,True
reliable_idle,3,286,99.709639,True
reliable_idle,3,287,99.799859,True
reliable_idle,3,288,99.956073,True
reliable_idle,3,289,99.663088,True
reliable_idle,3,290,99.884456,True
reliable_idle,3,291,100.017153,True
reliable_idle,3,292,99.563066,True
reliable_idle,3,293,97.652202,True
reliable_idle,3,294,100.163294,True
reliable_idle,3,295,101.905416,True
reliable_idle,3,296,99.883826,True
reliable_idle,3,297,97.524853,True
reliable_idle,3,298,102.203541,True
reliable_idle,3,299,98.870400,True
reliable_idle,3,300,100.628805,True
reliable_idle,3,301,99.817803,True
reliable_idle,3,302,97.657597,True
reliable_idle,3,303,102.079617,True
reliable_idle,3,304,97.667869,True
reliable_idle,3,305,99.868759,True
reliable_idle,3,306,99.986979,True
reliable_idle,3,307,102.080224,True
reliable_idle,3,308,99.783059,True
reliable_idle,3,309,99.866199,True
reliable_idle,3,310,99.273454,True
reliable_idle,3,311,100.276823,True
reliable_idle,3,312,97.529315,True
reliable_idle,3,313,102.242956,True
reliable_idle,3,314,97.561473,True
reliable_idle,3,315,102.208886,True
reliable_idle,3,316,99.869812,True
reliable_idle,3,317,97.476750,True
reliable_idle,3,318,101.168928,True
reliable_idle,3,319,100.947571,True
reliable_idle,3,320,99.723804,True
reliable_idle,3,321,100.170603,True
reliable_idle,3,322,99.411856,True
reliable_idle,3,323,98.281272,True
reliable_idle,3,324,99.213187,True
reliable_idle,3,325,102.457939,True
reliable_idle,3,326,99.607406,True
reliable_idle,3,327,99.695288,True
reliable_idle,3,328,99.777890,True
reliable_idle,3,329,99.678420,True
reliable_idle,3,330,100.083371,True
reliable_idle,3,331,99.628114,True
reliable_idle,3,332,99.622176,True
reliable_idle,3,333,98.403842,True
reliable_idle,3,334,99.289824,True
reliable_idle,3,335,102.002249,True
reliable_idle,3,336,99.841723,True
reliable_idle,3,337,99.717150,True
reliable_idle,3,338,99.955719,True
reliable_idle,3,339,99.636852,True
reliable_idle,3,340,99.968793,True
reliable_idle,3,341,99.662313,True
reliable_idle,3,342,99.230731,True
reliable_idle,3,343,98.871727,True
reliable_idle,3,344,99.293937,True
reliable_idle,3,345,102.004361,True
reliable_idle,3,346,99.816457,True
reliable_idle,3,347,100.110260,True
reliable_idle,3,348,99.491807,True
reliable_idle,3,349,99.976687,True
reliable_idle,3,350,99.563077,True
reliable_idle,3,351,100.099134,True
reliable_idle,3,352,99.466064,True
reliable_idle,3,353,97.653112,True
reliable_idle,3,354,100.035024,True
reliable_idle,3,355,101.972954,True
reliable_idle,3,356,99.874381,True
reliable_idle,3,357,99.807357,True
reliable_idle,3,358,99.798280,True
reliable_idle,3,359,98.424633,True
reliable_idle,3,360,101.242717,True
reliable_idle,3,361,99.829830,True
reliable_idle,3,362,99.733233,True
reliable_idle,3,363,99.764900,True
reliable_idle,3,364,97.883736,True
reliable_idle,3,365,99.748506,True
reliable_idle,3,366,101.988939,True
reliable_idle,3,367,100.133288,True
reliable_idle,3,368,99.527848,True
reliable_idle,3,369,99.816152,True
reliable_idle,3,370,99.811864,True
reliable_idle,3,371,99.794654,True
reliable_idle,3,372,99.735373,True
reliable_idle,3,373,99.814150,True
reliable_idle,3,374,97.792685,True
reliable_idle,3,375,101.987307,True
reliable_idle,3,376,99.843396,True
reliable_idle,3,377,99.959026,True
reliable_idle,3,378,99.711184,True
reliable_idle,3,379,99.583003,True
reliable_idle,3,380,100.008390,True
reliable_idle,3,381,99.529603,True
reliable_idle,3,382,99.798203,True
reliable_idle,3,383,99.768113,True
reliable_idle,3,384,97.563442,True
reliable_idle,3,385,102.419547,True
reliable_idle,3,386,99.497722,True
reliable_idle,3,387,99.746083,True
reliable_idle,3,388,99.849028,True
reliable_idle,3,389,99.705460,True
reliable_idle,3,390,99.830420,True
reliable_idle,3,391,99.876749,True
reliable_idle,3,392,99.669245,True
reliable_idle,3,393,99.029371,True
reliable_idle,3,394,98.627164,True
reliable_idle,3,395,102.280497,True
reliable_idle,3,396,99.738678,True
reliable_idle,3,397,99.530912,True
reliable_idle,3,398,99.802097,True
reliable_idle,3,399,99.795983,True
reliable_idle,3,400,99.814344,True
reliable_idle,3,401,99.755718,True
reliable_idle,3,402,99.800353,True
reliable_idle,3,403,97.546022,True
reliable_idle,3,404,100.033516,True
reliable_idle,3,405,102.128811,True
reliable_idle,3,406,100.021848,True
reliable_idle,3,407,99.711702,True
reliable_idle,3,408,99.524054,True
reliable_idle,3,409,99.889390,True
reliable_idle,3,410,99.738623,True
reliable_idle,3,411,100.049283,True
reliable_idle,3,412,99.463551,True
reliable_idle,3,413,99.852793,True
reliable_idle,3,414,97.450999,True
reliable_idle,3,415,102.209826,True
reliable_idle,3,416,99.788874,True
reliable_idle,3,417,99.872044,True
reliable_idle,3,418,99.854011,True
reliable_idle,3,419,99.678943,True
reliable_idle,3,420,99.694491,True
reliable_idle,3,421,100.122862,True
reliable_idle,3,422,99.537909,True
reliable_idle,3,423,98.332880,True
reliable_idle,3,424,99.300470,True
reliable_idle,3,425,101.991085,True
reliable_idle,3,426,100.053255,True
reliable_idle,3,427,99.624684,True
reliable_idle,3,428,99.601334,True
reliable_idle,3,429,100.031092,True
reliable_idle,3,430,99.517859,True
reliable_idle,3,431,99.798188,True
reliable_idle,3,432,99.774159,True
reliable_idle,3,433,99.842209,True
reliable_idle,3,434,97.720634,True
reliable_idle,3,435,102.159351,True
reliable_idle,3,436,99.787398,True
reliable_idle,3,437,99.611115,True
reliable_idle,3,438,99.826651,True
reliable_idle,3,439,99.768591,True
reliable_idle,3,440,99.811425,True
reliable_idle,3,441,99.847264,True
reliable_idle,3,442,97.686841,True
reliable_idle,3,443,101.917648,True
reliable_idle,3,444,97.694890,True
reliable_idle,3,445,102.196056,True
reliable_idle,3,446,99.717700,True
reliable_idle,3,447,99.711580,True
reliable_idle,3,448,97.987966,True
reliable_idle,3,449,101.841587,True
reliable_idle,3,450,99.709542,True
reliable_idle,3,451,99.876511,True
reliable_idle,3,452,99.663520,True
reliable_idle,3,453,98.459551,True
reliable_idle,3,454,99.402272,True
reliable_idle,3,455,101.909795,True
reliable_idle,3,456,99.797121,True
reliable_idle,3,457,99.869247,True
reliable_idle,3,458,99.599396,True
reliable_idle,3,459,99.810167,True
reliable_idle,3,460,99.853063,True
reliable_idle,3,461,99.680620,True
reliable_idle,3,462,99.867206,True
reliable_idle,3,463,97.732960,True
reliable_idle,3,464,99.860924,True
reliable_idle,3,465,102.117845,True
reliable_idle,3,466,99.763904,True
reliable_idle,3,467,100.009149,True
reliable_idle,3,468,99.522521,True
reliable_idle,3,469,99.807982,True
reliable_idle,3,470,99.799513,True
reliable_idle,3,471,99.788236,True
reliable_idle,3,472,99.775931,True
reliable_idle,3,473,98.445294,True
reliable_idle,3,474,99.327343,True
reliable_idle,3,475,102.004857,True
reliable_idle,3,476,99.795968,True
reliable_idle,3,477,99.588328,True
reliable_idle,3,478,99.871063,True
reliable_idle,3,479,99.863082,True
reliable_idle,3,480,99.666980,True
reliable_idle,3,481,99.896335,True
reliable_idle,3,482,99.690595,True
reliable_idle,3,483,97.752856,True
reliable_idle,3,484,99.970237,True
reliable_idle,3,485,101.992018,True
reliable_idle,3,486,97.705075,True
reliable_idle,3,487,101.988558,True
reliable_idle,3,488,99.900738,True
reliable_idle,3,489,99.967226,True
reliable_idle,3,490,99.500058,True
reliable_idle,3,491,99.778573,True
reliable_idle,3,492,97.720238,True
reliable_idle,3,493,102.065789,True
reliable_idle,3,494,97.642362,True
reliable_idle,3,495,102.097270,True
reliable_idle,3,496,99.760453,True
reliable_idle,3,497,99.794933,True
reliable_idle,3,498,99.852357,True
reliable_idle,3,499,99.939198,True
reliable_idle,3,500,99.585411,True
reliable_idle,3,501,99.860766,True
reliable_idle,3,502,99.728018,True
reliable_idle,3,503,98.451871,True
reliable_idle,3,504,99.370913,True
reliable_idle,3,505,101.843489,True
reliable_idle,3,506,99.819770,True
reliable_idle,3,507,99.783460,True
reliable_idle,3,508,99.832349,True
reliable_idle,3,509,100.078450,True
reliable_idle,3,510,99.516221,True
reliable_idle,3,511,99.789301,True
reliable_idle,3,512,99.750300,True
reliable_idle,3,513,99.852849,True
reliable_idle,3,514,97.558794,True
reliable_idle,3,515,102.200276,True
reliable_idle,3,516,99.837443,True
reliable_idle,3,517,99.230328,True
reliable_idle,3,518,100.593172,True
reliable_idle,3,519,99.702191,True
reliable_idle,3,520,99.709522,True
reliable_idle,3,521,99.152751,True
reliable_idle,3,522,100.202564,True
reliable_idle,3,523,99.910147,True
reliable_idle,3,524,97.529119,True
reliable_idle,3,525,102.385491,True
reliable_idle,3,526,99.482912,True
reliable_idle,3,527,99.810746,True
reliable_idle,3,528,99.861896,True
reliable_idle,3,529,99.956385,True
reliable_idle,3,530,99.524077,True
reliable_idle,3,531,100.151558,True
reliable_idle,3,532,99.452343,True
reliable_idle,3,533,99.790380,True
reliable_idle,3,534,97.918716,True
reliable_idle,3,535,101.944566,True
reliable_idle,3,536,99.657717,True
reliable_idle,3,537,99.794534,True
reliable_idle,3,538,100.146464,True
reliable_idle,3,539,99.760317,True
reliable_idle,3,540,99.494950,True
reliable_idle,3,541,99.884560,True
reliable_idle,3,542,99.663375,True
reliable_idle,3,543,98.426043,True
reliable_idle,3,544,99.205289,True
reliable_idle,3,545,102.139597,True
reliable_idle,3,546,98.032629,True
reliable_idle,3,547,101.602918,True
reliable_idle,3,548,98.212254,True
reliable_idle,3,549,101.418416,True
reliable_idle,3,550,97.678853,True
reliable_idle,3,551,102.084757,True
reliable_idle,3,552,97.630193,True
reliable_idle,3,553,102.074789,True
reliable_idle,3,554,97.632911,True
reliable_idle,3,555,102.110660,True
reliable_idle,3,556,100.009551,True
reliable_idle,3,557,99.618271,True
reliable_idle,3,558,99.706304,True
reliable_idle,3,559,99.905607,True
reliable_idle,3,560,99.721157,True
reliable_idle,3,561,98.621933,True
reliable_idle,3,562,100.971162,True
reliable_idle,3,563,97.806875,True
reliable_idle,3,564,100.017164,True
reliable_idle,3,565,101.793695,True
reliable_idle,3,566,99.890546,True
reliable_idle,3,567,99.866234,True
reliable_idle,3,568,97.686964,True
reliable_idle,3,569,101.809985,True
reliable_idle,3,570,99.749374,True
reliable_idle,3,571,99.794724,True
reliable_idle,3,572,97.575020,True
reliable_idle,3,573,102.243204,True
reliable_idle,3,574,99.765001,True
reliable_idle,3,575,99.768924,True
reliable_idle,3,576,99.878008,True
reliable_idle,3,577,99.832676,True
reliable_idle,3,578,99.868683,True
reliable_idle,3,579,99.644000,True
reliable_idle,3,580,99.704897,True
reliable_idle,3,581,99.813315,True
reliable_idle,3,582,99.947383,True
reliable_idle,3,583,98.351005,True
reliable_idle,3,584,99.404570,True
reliable_idle,3,585,101.708968,True
reliable_idle,3,586,99.795599,True
reliable_idle,3,587,99.372209,True
reliable_idle,3,588,100.229901,True
reliable_idle,3,589,99.317858,True
reliable_idle,3,590,100.284092,True
reliable_idle,3,591,99.779010,True
reliable_idle,3,592,99.747797,True
reliable_idle,3,593,97.735085,True
reliable_idle,3,594,100.037110,True
reliable_idle,3,595,101.931543,True
reliable_idle,3,596,99.810937,True
reliable_idle,3,597,99.812761,True
reliable_idle,3,598,99.826859,True
reliable_idle,3,599,99.826493,True
reliable_idle,4,0,99.812434,True
reliable_idle,4,1,101.287747,True
reliable_idle,4,2,99.992324,True
reliable_idle,4,3,99.581445,True
reliable_idle,4,4,99.732169,True
reliable_idle,4,5,99.777861,True
reliable_idle,4,6,99.792716,True
reliable_idle,4,7,98.510943,True
reliable_idle,4,8,99.093744,True
reliable_idle,4,9,102.412915,True
reliable_idle,4,10,99.444808,True
reliable_idle,4,11,99.771566,True
reliable_idle,4,12,100.097008,True
reliable_idle,4,13,99.521639,True
reliable_idle,4,14,99.821884,True
reliable_idle,4,15,99.691593,True
reliable_idle,4,16,99.737420,True
reliable_idle,4,17,99.832982,True
reliable_idle,4,18,97.731989,True
reliable_idle,4,19,101.964658,True
reliable_idle,4,20,99.955593,True
reliable_idle,4,21,99.555527,True
reliable_idle,4,22,100.166095,True
reliable_idle,4,23,99.491051,True
reliable_idle,4,24,99.839734,True
reliable_idle,4,25,99.716885,True
reliable_idle,4,26,99.914491,True
reliable_idle,4,27,97.624945,True
reliable_idle,4,28,100.222966,True
reliable_idle,4,29,102.009537,True
reliable_idle,4,30,99.479311,True
reliable_idle,4,31,100.111532,True
reliable_idle,4,32,97.659380,True
reliable_idle,4,33,101.720859,True
reliable_idle,4,34,99.754640,True
reliable_idle,4,35,99.799334,True
reliable_idle,4,36,99.864735,True
reliable_idle,4,37,97.737659,True
reliable_idle,4,38,100.018692,True
reliable_idle,4,39,102.195073,True
reliable_idle,4,40,99.540948,True
reliable_idle,4,41,99.935967,True
reliable_idle,4,42,97.707776,True
reliable_idle,4,43,101.188308,True
reliable_idle,4,44,100.382283,True
reliable_idle,4,45,99.895891,True
reliable_idle,4,46,99.692289,True
reliable_idle,4,47,99.702514,True
reliable_idle,4,48,97.932010,True
reliable_idle,4,49,102.156845,True
reliable_idle,4,50,99.537252,True
reliable_idle,4,51,99.823063,True
reliable_idle,4,52,99.713271,True
reliable_idle,4,53,99.897519,True
reliable_idle,4,54,99.527253,True
reliable_idle,4,55,98.510021,True
reliable_idle,4,56,100.762702,True
reliable_idle,4,57,98.107211,True
reliable_idle,4,58,100.000537,True
reliable_idle,4,59,102.373800,True
reliable_idle,4,60,99.554875,True
reliable_idle,4,61,98.995376,True
reliable_idle,4,62,100.589566,True
reliable_idle,4,63,99.808517,True
reliable_idle,4,64,99.732420,True
reliable_idle,4,65,99.716554,True
reliable_idle,4,66,97.617066,True
reliable_idle,4,67,102.161244,True
reliable_idle,4,68,97.701943,True
reliable_idle,4,69,102.168340,True
reliable_idle,4,70,99.793345,True
reliable_idle,4,71,99.751625,True
reliable_idle,4,72,99.794549,True
reliable_idle,4,73,99.915472,True
reliable_idle,4,74,99.526749,True
reliable_idle,4,75,99.750390,True
reliable_idle,4,76,99.756035,True
reliable_idle,4,77,98.623107,True
reliable_idle,4,78,99.406829,True
reliable_idle,4,79,101.714444,True
reliable_idle,4,80,99.774294,True
reliable_idle,4,81,99.682125,True
reliable_idle,4,82,100.158091,True
reliable_idle,4,83,99.533115,True
reliable_idle,4,84,99.777932,True
reliable_idle,4,85,99.751686,True
reliable_idle,4,86,98.772608,True
reliable_idle,4,87,101.271150,True
reliable_idle,4,88,97.689428,True
reliable_idle,4,89,101.739170,True
reliable_idle,4,90,99.805479,True
reliable_idle,4,91,99.813210,True
reliable_idle,4,92,100.099423,True
reliable_idle,4,93,99.516881,True
reliable_idle,4,94,99.805906,True
reliable_idle,4,95,99.743104,True
reliable_idle,4,96,99.726365,True
reliable_idle,4,97,98.637253,True
reliable_idle,4,98,99.106428,True
reliable_idle,4,99,102.254507,True
reliable_idle,4,100,99.493242,True
reliable_idle,4,101,99.812732,True
reliable_idle,4,102,100.005319,True
reliable_idle,4,103,99.560488,True
reliable_idle,4,104,99.794528,True
reliable_idle,4,105,100.160347,True
reliable_idle,4,106,99.432104,True
reliable_idle,4,107,97.758032,True
reliable_idle,4,108,99.659292,True
reliable_idle,4,109,102.435907,True
reliable_idle,4,110,99.516917,True
reliable_idle,4,111,99.849302,True
reliable_idle,4,112,99.719857,True
reliable_idle,4,113,99.893790,True
reliable_idle,4,114,99.739896,True
reliable_idle,4,115,99.803847,True
reliable_idle,4,116,99.664671,True
reliable_idle,4,117,98.637512,True
reliable_idle,4,118,99.182906,True
reliable_idle,4,119,102.087376,True
reliable_idle,4,120,99.631696,True
reliable_idle,4,121,98.120817,True
reliable_idle,4,122,99.763170,True
reliable_idle,4,123,101.770521,True
reliable_idle,4,124,99.693212,True
reliable_idle,4,125,99.774280,True
reliable_idle,4,126,99.854899,True
reliable_idle,4,127,97.973311,True
reliable_idle,4,128,99.803099,True
reliable_idle,4,129,101.887677,True
reliable_idle,4,130,99.965931,True
reliable_idle,4,131,99.597594,True
reliable_idle,4,132,99.816321,True
reliable_idle,4,133,99.860201,True
reliable_idle,4,134,99.788161,True
reliable_idle,4,135,99.783463,True
reliable_idle,4,136,99.680185,True
reliable_idle,4,137,97.855564,True
reliable_idle,4,138,99.665635,True
reliable_idle,4,139,102.234695,True
reliable_idle,4,140,99.764220,True
reliable_idle,4,141,99.786935,True
reliable_idle,4,142,100.026455,True
reliable_idle,4,143,99.520108,True
reliable_idle,4,144,99.786855,True
reliable_idle,4,145,99.709170,True
reliable_idle,4,146,99.788572,True
reliable_idle,4,147,99.831006,True
reliable_idle,4,148,97.763769,True
reliable_idle,4,149,101.962704,True
reliable_idle,4,150,99.928216,True
reliable_idle,4,151,99.674784,True
reliable_idle,4,152,100.105023,True
reliable_idle,4,153,99.581006,True
reliable_idle,4,154,99.683590,True
reliable_idle,4,155,99.812811,True
reliable_idle,4,156,99.795068,True
reliable_idle,4,157,97.950889,True
reliable_idle,4,158,99.895734,True
reliable_idle,4,159,101.840266,True
reliable_idle,4,160,99.776377,True
reliable_idle,4,161,99.887819,True
reliable_idle,4,162,102.250982,True
reliable_idle,4,163,97.275196,True
reliable_idle,4,164,99.875505,True
reliable_idle,4,165,99.757378,True
reliable_idle,4,166,99.747692,True
reliable_idle,4,167,97.650790,True
reliable_idle,4,168,99.940182,True
reliable_idle,4,169,102.374490,True
reliable_idle,4,170,99.695954,True
reliable_idle,4,171,99.597151,True
reliable_idle,4,172,100.013770,True
reliable_idle,4,173,99.771380,True
reliable_idle,4,174,99.588878,True
reliable_idle,4,175,98.188369,True
reliable_idle,4,176,101.545516,True
reliable_idle,4,177,98.036939,True
reliable_idle,4,178,99.625763,True
reliable_idle,4,179,101.980178,True
reliable_idle,4,180,100.122162,True
reliable_idle,4,181,99.500625,True
reliable_idle,4,182,99.834224,True
reliable_idle,4,183,99.795350,True
reliable_idle,4,184,99.840838,True
reliable_idle,4,185,99.696229,True
reliable_idle,4,186,99.835477,True
reliable_idle,4,187,98.000183,True
reliable_idle,4,188,99.541062,True
reliable_idle,4,189,102.347932,True
reliable_idle,4,190,99.655031,True
reliable_idle,4,191,99.654694,True
reliable_idle,4,192,99.921029,True
reliable_idle,4,193,99.735886,True
reliable_idle,4,194,99.755081,True
reliable_idle,4,195,100.090589,True
reliable_idle,4,196,97.725771,True
reliable_idle,4,197,102.139305,True
reliable_idle,4,198,97.318573,True
reliable_idle,4,199,102.005280,True
reliable_idle,4,200,99.851175,True
reliable_idle,4,201,99.795472,True
reliable_idle,4,202,100.072829,True
reliable_idle,4,203,99.543691,True
reliable_idle,4,204,99.768510,True
reliable_idle,4,205,99.812828,True
reliable_idle,4,206,99.787231,True
reliable_idle,4,207,97.925630,True
reliable_idle,4,208,99.889921,True
reliable_idle,4,209,101.808029,True
reliable_idle,4,210,100.132468,True
reliable_idle,4,211,99.791906,True
reliable_idle,4,212,99.516387,True
reliable_idle,4,213,99.774051,True
reliable_idle,4,214,100.098147,True
reliable_idle,4,215,99.539241,True
reliable_idle,4,216,99.819135,True
reliable_idle,4,217,97.520290,True
reliable_idle,4,218,99.976917,True
reliable_idle,4,219,102.101797,True
reliable_idle,4,220,99.835630,True
reliable_idle,4,221,100.107301,True
reliable_idle,4,222,99.463253,True
reliable_idle,4,223,99.871455,True
reliable_idle,4,224,100.115087,True
reliable_idle,4,225,99.711305,True
reliable_idle,4,226,99.502882,True
reliable_idle,4,227,98.677789,True
reliable_idle,4,228,99.165639,True
reliable_idle,4,229,101.809755,True
reliable_idle,4,230,99.994301,True
reliable_idle,4,231,99.642084,True
reliable_idle,4,232,99.781226,True
reliable_idle,4,233,99.863943,True
reliable_idle,4,234,100.027358,True
reliable_idle,4,235,99.629737,True
reliable_idle,4,236,99.668504,True
reliable_idle,4,237,99.669174,True
reliable_idle,4,238,97.926192,True
reliable_idle,4,239,102.128716,True
reliable_idle,4,240,99.619639,True
reliable_idle,4,241,99.639457,True
reliable_idle,4,242,97.579340,True
reliable_idle,4,243,102.174694,True
reliable_idle,4,244,100.071218,True
reliable_idle,4,245,99.448448,True
reliable_idle,4,246,99.892981,True
reliable_idle,4,247,98.727156,True
reliable_idle,4,248,98.829262,True
reliable_idle,4,249,102.055396,True
reliable_idle,4,250,100.177047,True
reliable_idle,4,251,99.608572,True
reliable_idle,4,252,99.665986,True
reliable_idle,4,253,99.795256,True
reliable_idle,4,254,99.711260,True
reliable_idle,4,255,100.185819,True
reliable_idle,4,256,99.482444,True
reliable_idle,4,257,100.076170,True
reliable_idle,4,258,97.307439,True
reliable_idle,4,259,102.092347,True
reliable_idle,4,260,100.061664,True
reliable_idle,4,261,99.578976,True
reliable_idle,4,262,97.971235,True
reliable_idle,4,263,101.767484,True
reliable_idle,4,264,99.759529,True
reliable_idle,4,265,99.714601,True
reliable_idle,4,266,99.849540,True
reliable_idle,4,267,97.945341,True
reliable_idle,4,268,99.831995,True
reliable_idle,4,269,101.875309,True
reliable_idle,4,270,99.875896,True
reliable_idle,4,271,100.085511,True
reliable_idle,4,272,99.480714,True
reliable_idle,4,273,99.779745,True
reliable_idle,4,274,99.732836,True
reliable_idle,4,275,99.799685,True
reliable_idle,4,276,99.823477,True
reliable_idle,4,277,97.991678,True
reliable_idle,4,278,99.921704,True
reliable_idle,4,279,101.971693,True
reliable_idle,4,280,99.576553,True
reliable_idle,4,281,99.913216,True
reliable_idle,4,282,98.154830,True
reliable_idle,4,283,101.461000,True
reliable_idle,4,284,99.792160,True
reliable_idle,4,285,99.762575,True
reliable_idle,4,286,99.862238,True
reliable_idle,4,287,97.983138,True
reliable_idle,4,288,99.730868,True
reliable_idle,4,289,101.922382,True
reliable_idle,4,290,99.814003,True
reliable_idle,4,291,99.728933,True
reliable_idle,4,292,99.828758,True
reliable_idle,4,293,99.789796,True
reliable_idle,4,294,100.171003,True
reliable_idle,4,295,99.514853,True
reliable_idle,4,296,100.039012,True
reliable_idle,4,297,99.413530,True
reliable_idle,4,298,97.662934,True
reliable_idle,4,299,102.346996,True
reliable_idle,4,300,99.584074,True
reliable_idle,4,301,99.675161,True
reliable_idle,4,302,98.386259,True
reliable_idle,4,303,101.349006,True
reliable_idle,4,304,100.110356,True
reliable_idle,4,305,99.479030,True
reliable_idle,4,306,97.647097,True
reliable_idle,4,307,102.089129,True
reliable_idle,4,308,97.759888,True
reliable_idle,4,309,102.312341,True
reliable_idle,4,310,99.541244,True
reliable_idle,4,311,97.416427,True
reliable_idle,4,312,102.044133,True
reliable_idle,4,313,100.070348,True
reliable_idle,4,314,100.133251,True
reliable_idle,4,315,99.484851,True
reliable_idle,4,316,99.801445,True
reliable_idle,4,317,97.535413,True
reliable_idle,4,318,100.311153,True
reliable_idle,4,319,102.168388,True
reliable_idle,4,320,99.704478,True
reliable_idle,4,321,99.453911,True
reliable_idle,4,322,98.152937,True
reliable_idle,4,323,101.670797,True
reliable_idle,4,324,99.734486,True
reliable_idle,4,325,100.099712,True
reliable_idle,4,326,99.476729,True
reliable_idle,4,327,97.982992,True
reliable_idle,4,328,99.423005,True
reliable_idle,4,329,102.323617,True
reliable_idle,4,330,99.956847,True
reliable_idle,4,331,99.740528,True
reliable_idle,4,332,99.702318,True
reliable_idle,4,333,99.701080,True
reliable_idle,4,334,100.160385,True
reliable_idle,4,335,99.421788,True
reliable_idle,4,336,99.832123,True
reliable_idle,4,337,99.731183,True
reliable_idle,4,338,97.839455,True
reliable_idle,4,339,102.282621,True
reliable_idle,4,340,99.695513,True
reliable_idle,4,341,99.601699,True
reliable_idle,4,342,99.242728,True
reliable_idle,4,343,100.276030,True
reliable_idle,4,344,99.716023,True
reliable_idle,4,345,99.803441,True
reliable_idle,4,346,99.792336,True
reliable_idle,4,347,99.818027,True
reliable_idle,4,348,97.561264,True
reliable_idle,4,349,102.115672,True
reliable_idle,4,350,99.814014,True
reliable_idle,4,351,99.748043,True
reliable_idle,4,352,99.842905,True
reliable_idle,4,353,99.802274,True
reliable_idle,4,354,99.753627,True
reliable_idle,4,355,99.886830,True
reliable_idle,4,356,99.731697,True
reliable_idle,4,357,97.443305,True
reliable_idle,4,358,100.047123,True
reliable_idle,4,359,100.099614,True
reliable_idle,4,360,102.017225,True
reliable_idle,4,361,99.725484,True
reliable_idle,4,362,99.876915,True
reliable_idle,4,363,99.854508,True
reliable_idle,4,364,99.725521,True
reliable_idle,4,365,99.822501,True
reliable_idle,4,366,99.706704,True
reliable_idle,4,367,99.578708,True
reliable_idle,4,368,98.342563,True
reliable_idle,4,369,101.865188,True
reliable_idle,4,370,99.690279,True
reliable_idle,4,371,99.821048,True
reliable_idle,4,372,99.727437,True
reliable_idle,4,373,99.825953,True
reliable_idle,4,374,99.859679,True
reliable_idle,4,375,99.747759,True
reliable_idle,4,376,99.727036,True
reliable_idle,4,377,97.550501,True
reliable_idle,4,378,100.299176,True
reliable_idle,4,379,101.833928,True
reliable_idle,4,380,99.796714,True
reliable_idle,4,381,99.840843,True
reliable_idle,4,382,98.074873,True
reliable_idle,4,383,101.536867,True
reliable_idle,4,384,99.811817,True
reliable_idle,4,385,99.888605,True
reliable_idle,4,386,99.682175,True
reliable_idle,4,387,98.073231,True
reliable_idle,4,388,99.572186,True
reliable_idle,4,389,102.069207,True
reliable_idle,4,390,99.795530,True
reliable_idle,4,391,99.804771,True
reliable_idle,4,392,99.787877,True
reliable_idle,4,393,99.852905,True
reliable_idle,4,394,99.720584,True
reliable_idle,4,395,99.798623,True
reliable_idle,4,396,99.818015,True
reliable_idle,4,397,98.803513,True
reliable_idle,4,398,98.826352,True
reliable_idle,4,399,101.979732,True
reliable_idle,4,400,99.795370,True
reliable_idle,4,401,99.756322,True
reliable_idle,4,402,97.911812,True
reliable_idle,4,403,101.823338,True
reliable_idle,4,404,99.814586,True
reliable_idle,4,405,99.757273,True
reliable_idle,4,406,99.821136,True
reliable_idle,4,407,97.578426,True
reliable_idle,4,408,100.273996,True
reliable_idle,4,409,102.015885,True
reliable_idle,4,410,99.515494,True
reliable_idle,4,411,100.051181,True
reliable_idle,4,412,99.513873,True
reliable_idle,4,413,99.988234,True
reliable_idle,4,414,99.561556,True
reliable_idle,4,415,99.952356,True
reliable_idle,4,416,99.746871,True
reliable_idle,4,417,98.094877,True
reliable_idle,4,418,99.321838,True
reliable_idle,4,419,102.379149,True
reliable_idle,4,420,99.806087,True
reliable_idle,4,421,99.552251,True
reliable_idle,4,422,99.784324,True
reliable_idle,4,423,98.842753,True
reliable_idle,4,424,100.816489,True
reliable_idle,4,425,100.011742,True
reliable_idle,4,426,99.581736,True
reliable_idle,4,427,99.635207,True
reliable_idle,4,428,97.941926,True
reliable_idle,4,429,102.259992,True
reliable_idle,4,430,99.571479,True
reliable_idle,4,431,100.121561,True
reliable_idle,4,432,99.826131,True
reliable_idle,4,433,99.409844,True
reliable_idle,4,434,99.796868,True
reliable_idle,4,435,100.153501,True
reliable_idle,4,436,99.466373,True
reliable_idle,4,437,97.983978,True
reliable_idle,4,438,99.810577,True
reliable_idle,4,439,101.919490,True
reliable_idle,4,440,99.751932,True
reliable_idle,4,441,99.681574,True
reliable_idle,4,442,98.102584,True
reliable_idle,4,443,101.630412,True
reliable_idle,4,444,100.228409,True
reliable_idle,4,445,99.571141,True
reliable_idle,4,446,97.472528,True
reliable_idle,4,447,102.134741,True
reliable_idle,4,448,97.962793,True
reliable_idle,4,449,101.248626,True
reliable_idle,4,450,100.318266,True
reliable_idle,4,451,99.703523,True
reliable_idle,4,452,99.787161,True
reliable_idle,4,453,99.819085,True
reliable_idle,4,454,99.879379,True
reliable_idle,4,455,99.697733,True
reliable_idle,4,456,99.760653,True
reliable_idle,4,457,98.150968,True
reliable_idle,4,458,99.549830,True
reliable_idle,4,459,101.970252,True
reliable_idle,4,460,100.143276,True
reliable_idle,4,461,99.507247,True
reliable_idle,4,462,98.208905,True
reliable_idle,4,463,101.430008,True
reliable_idle,4,464,100.122398,True
reliable_idle,4,465,99.997337,True
reliable_idle,4,466,97.158856,True
reliable_idle,4,467,99.859199,True
reliable_idle,4,468,100.088508,True
reliable_idle,4,469,102.092417,True
reliable_idle,4,470,99.774439,True
reliable_idle,4,471,99.717363,True
reliable_idle,4,472,99.751648,True
reliable_idle,4,473,99.297933,True
reliable_idle,4,474,100.453557,True
reliable_idle,4,475,99.751864,True
reliable_idle,4,476,99.673686,True
reliable_idle,4,477,98.128456,True
reliable_idle,4,478,99.637469,True
reliable_idle,4,479,101.863140,True
reliable_idle,4,480,97.694503,True
reliable_idle,4,481,102.408154,True
reliable_idle,4,482,97.882290,True
reliable_idle,4,483,99.877969,True
reliable_idle,4,484,101.522465,True
reliable_idle,4,485,99.857121,True
reliable_idle,4,486,99.822229,True
reliable_idle,4,487,98.208966,True
reliable_idle,4,488,99.402840,True
reliable_idle,4,489,102.017973,True
reliable_idle,4,490,100.007340,True
reliable_idle,4,491,99.554746,True
reliable_idle,4,492,99.773556,True
reliable_idle,4,493,99.811940,True
reliable_idle,4,494,99.862265,True
reliable_idle,4,495,99.804011,True
reliable_idle,4,496,99.619734,True
reliable_idle,4,497,98.920113,True
reliable_idle,4,498,98.857176,True
reliable_idle,4,499,102.147714,True
reliable_idle,4,500,99.695133,True
reliable_idle,4,501,99.722910,True
reliable_idle,4,502,98.069153,True
reliable_idle,4,503,101.573393,True
reliable_idle,4,504,99.800190,True
reliable_idle,4,505,99.967628,True
reliable_idle,4,506,97.364696,True
reliable_idle,4,507,102.191778,True
reliable_idle,4,508,97.786357,True
reliable_idle,4,509,102.251078,True
reliable_idle,4,510,99.521506,True
reliable_idle,4,511,100.136715,True
reliable_idle,4,512,99.735359,True
reliable_idle,4,513,99.614070,True
reliable_idle,4,514,99.966236,True
reliable_idle,4,515,99.572159,True
reliable_idle,4,516,99.672841,True
reliable_idle,4,517,99.857305,True
reliable_idle,4,518,97.761429,True
reliable_idle,4,519,102.151529,True
reliable_idle,4,520,99.674303,True
reliable_idle,4,521,99.164358,True
reliable_idle,4,522,98.634083,True
reliable_idle,4,523,101.598241,True
reliable_idle,4,524,99.782727,True
reliable_idle,4,525,99.908913,True
reliable_idle,4,526,99.528929,True
reliable_idle,4,527,99.801737,True
reliable_idle,4,528,97.712297,True
reliable_idle,4,529,102.027406,True
reliable_idle,4,530,99.833224,True
reliable_idle,4,531,99.922867,True
reliable_idle,4,532,99.673132,True
reliable_idle,4,533,99.825497,True
reliable_idle,4,534,100.046448,True
reliable_idle,4,535,99.836137,True
reliable_idle,4,536,99.456426,True
reliable_idle,4,537,97.827564,True
reliable_idle,4,538,99.990661,True
reliable_idle,4,539,102.136721,True
reliable_idle,4,540,99.810690,True
reliable_idle,4,541,99.799601,True
reliable_idle,4,542,97.913499,True
reliable_idle,4,543,100.697220,True
reliable_idle,4,544,98.486944,True
reliable_idle,4,545,102.073979,True
reliable_idle,4,546,99.800614,True
reliable_idle,4,547,98.133251,True
reliable_idle,4,548,99.292712,True
reliable_idle,4,549,102.244030,True
reliable_idle,4,550,99.829717,True
reliable_idle,4,551,99.772931,True
reliable_idle,4,552,99.814072,True
reliable_idle,4,553,99.901595,True
reliable_idle,4,554,99.641924,True
reliable_idle,4,555,99.859897,True
reliable_idle,4,556,99.734568,True
reliable_idle,4,557,98.231311,True
reliable_idle,4,558,99.239994,True
reliable_idle,4,559,102.243608,True
reliable_idle,4,560,99.783117,True
reliable_idle,4,561,99.952241,True
reliable_idle,4,562,99.553755,True
reliable_idle,4,563,100.116551,True
reliable_idle,4,564,99.330128,True
reliable_idle,4,565,100.296009,True
reliable_idle,4,566,99.594028,True
reliable_idle,4,567,99.599278,True
reliable_idle,4,568,98.129922,True
reliable_idle,4,569,101.463445,True
reliable_idle,4,570,100.388906,True
reliable_idle,4,571,99.627234,True
reliable_idle,4,572,99.907179,True
reliable_idle,4,573,99.836464,True
reliable_idle,4,574,99.594042,True
reliable_idle,4,575,99.751983,True
reliable_idle,4,576,99.745004,True
reliable_idle,4,577,99.728878,True
reliable_idle,4,578,97.656576,True
reliable_idle,4,579,102.133012,True
reliable_idle,4,580,99.795607,True
reliable_idle,4,581,99.861534,True
reliable_idle,4,582,97.839553,True
reliable_idle,4,583,101.770323,True
reliable_idle,4,584,100.125620,True
reliable_idle,4,585,99.649599,True
reliable_idle,4,586,99.586401,True
reliable_idle,4,587,97.610293,True
reliable_idle,4,588,100.021854,True
reliable_idle,4,589,102.436355,True
reliable_idle,4,590,99.559636,True
reliable_idle,4,591,99.752557,True
reliable_idle,4,592,99.819477,True
reliable_idle,4,593,99.650534,True
reliable_idle,4,594,99.808681,True
reliable_idle,4,595,100.011354,True
reliable_idle,4,596,99.527640,True
reliable_idle,4,597,97.616636,True
reliable_idle,4,598,100.157787,True
reliable_idle,4,599,102.170741,True
reliable_idle,5,0,100.505248,True
reliable_idle,5,1,99.935761,True
reliable_idle,5,2,98.211121,True
reliable_idle,5,3,99.529726,True
reliable_idle,5,4,101.939956,True
reliable_idle,5,5,99.793984,True
reliable_idle,5,6,99.698241,True
reliable_idle,5,7,99.857988,True
reliable_idle,5,8,99.774267,True
reliable_idle,5,9,99.348576,True
reliable_idle,5,10,100.278912,True
reliable_idle,5,11,97.441293,True
reliable_idle,5,12,102.178624,True
reliable_idle,5,13,97.951398,True
reliable_idle,5,14,101.836706,True
reliable_idle,5,15,99.787074,True
reliable_idle,5,16,99.894000,True
reliable_idle,5,17,99.967994,True
reliable_idle,5,18,99.535988,True
reliable_idle,5,19,99.774503,True
reliable_idle,5,20,99.699095,True
reliable_idle,5,21,99.818183,True
reliable_idle,5,22,98.130098,True
reliable_idle,5,23,99.682894,True
reliable_idle,5,24,101.822050,True
reliable_idle,5,25,99.719537,True
reliable_idle,5,26,100.125906,True
reliable_idle,5,27,97.686045,True
reliable_idle,5,28,101.845000,True
reliable_idle,5,29,99.652280,True
reliable_idle,5,30,99.797622,True
reliable_idle,5,31,99.812476,True
reliable_idle,5,32,97.647522,True
reliable_idle,5,33,99.992075,True
reliable_idle,5,34,102.319537,True
reliable_idle,5,35,99.676092,True
reliable_idle,5,36,100.019814,True
reliable_idle,5,37,97.744875,True
reliable_idle,5,38,101.585213,True
reliable_idle,5,39,99.845947,True
reliable_idle,5,40,99.779223,True
reliable_idle,5,41,99.717462,True
reliable_idle,5,42,98.284806,True
reliable_idle,5,43,99.521778,True
reliable_idle,5,44,101.919392,True
reliable_idle,5,45,99.805660,True
reliable_idle,5,46,99.775883,True
reliable_idle,5,47,99.818920,True
reliable_idle,5,48,99.770647,True
reliable_idle,5,49,99.802788,True
reliable_idle,5,50,99.921718,True
reliable_idle,5,51,99.683927,True
reliable_idle,5,52,98.279482,True
reliable_idle,5,53,99.470168,True
reliable_idle,5,54,101.883027,True
reliable_idle,5,55,100.047965,True
reliable_idle,5,56,99.941762,True
reliable_idle,5,57,97.665647,True
reliable_idle,5,58,101.784271,True
reliable_idle,5,59,98.309725,True
reliable_idle,5,60,101.322159,True
reliable_idle,5,61,99.884220,True
reliable_idle,5,62,98.254288,True
reliable_idle,5,63,99.376508,True
reliable_idle,5,64,101.991690,True
reliable_idle,5,65,99.925030,True
reliable_idle,5,66,99.680826,True
reliable_idle,5,67,99.838389,True
reliable_idle,5,68,99.740662,True
reliable_idle,5,69,99.806403,True
reliable_idle,5,70,99.813045,True
reliable_idle,5,71,97.612129,True
reliable_idle,5,72,102.096532,True
reliable_idle,5,73,97.749639,True
reliable_idle,5,74,102.038198,True
reliable_idle,5,75,99.815961,True
reliable_idle,5,76,99.701341,True
reliable_idle,5,77,99.896500,True
reliable_idle,5,78,99.852632,True
reliable_idle,5,79,99.578551,True
reliable_idle,5,80,99.836512,True
reliable_idle,5,81,99.755031,True
reliable_idle,5,82,98.373089,True
reliable_idle,5,83,99.502147,True
reliable_idle,5,84,101.837317,True
reliable_idle,5,85,99.735477,True
reliable_idle,5,86,99.812810,True
reliable_idle,5,87,99.784500,True
reliable_idle,5,88,100.066498,True
reliable_idle,5,89,99.506555,True
reliable_idle,5,90,99.775852,True
reliable_idle,5,91,99.885332,True
reliable_idle,5,92,99.730999,True
reliable_idle,5,93,97.567445,True
reliable_idle,5,94,102.145425,True
reliable_idle,5,95,99.832231,True
reliable_idle,5,96,99.666248,True
reliable_idle,5,97,98.167507,True
reliable_idle,5,98,101.735019,True
reliable_idle,5,99,99.711282,True
reliable_idle,5,100,99.215446,True
reliable_idle,5,101,100.282547,True
reliable_idle,5,102,97.633598,True
reliable_idle,5,103,100.154654,True
reliable_idle,5,104,101.894349,True
reliable_idle,5,105,99.838526,True
reliable_idle,5,106,99.799008,True
reliable_idle,5,107,99.730694,True
reliable_idle,5,108,99.753411,True
reliable_idle,5,109,99.816482,True
reliable_idle,5,110,99.722897,True
reliable_idle,5,111,99.781500,True
reliable_idle,5,112,98.523798,True
reliable_idle,5,113,99.275458,True
reliable_idle,5,114,101.849337,True
reliable_idle,5,115,99.819097,True
reliable_idle,5,116,99.839164,True
reliable_idle,5,117,99.781461,True
reliable_idle,5,118,99.464693,True
reliable_idle,5,119,98.063980,True
reliable_idle,5,120,101.519996,True
reliable_idle,5,121,99.967791,True
reliable_idle,5,122,97.460111,True
reliable_idle,5,123,100.054588,True
reliable_idle,5,124,102.032194,True
reliable_idle,5,125,99.873402,True
reliable_idle,5,126,99.686802,True
reliable_idle,5,127,99.835352,True
reliable_idle,5,128,99.796713,True
reliable_idle,5,129,100.141276,True
reliable_idle,5,130,99.466102,True
reliable_idle,5,131,97.639408,True
reliable_idle,5,132,102.050509,True
reliable_idle,5,133,97.695893,True
reliable_idle,5,134,102.089766,True
reliable_idle,5,135,99.830330,True
reliable_idle,5,136,99.768699,True
reliable_idle,5,137,99.884645,True
reliable_idle,5,138,99.678461,True
reliable_idle,5,139,99.785808,True
reliable_idle,5,140,99.844037,True
reliable_idle,5,141,99.744390,True
reliable_idle,5,142,99.191857,True
reliable_idle,5,143,98.687396,True
reliable_idle,5,144,102.052542,True
reliable_idle,5,145,99.826154,True
reliable_idle,5,146,99.640598,True
reliable_idle,5,147,99.628319,True
reliable_idle,5,148,99.895523,True
reliable_idle,5,149,99.916150,True
reliable_idle,5,150,99.596279,True
reliable_idle,5,151,99.759868,True
reliable_idle,5,152,99.853527,True
reliable_idle,5,153,97.665759,True
reliable_idle,5,154,102.013231,True
reliable_idle,5,155,99.829447,True
reliable_idle,5,156,99.773478,True
reliable_idle,5,157,97.938251,True
reliable_idle,5,158,101.851536,True
reliable_idle,5,159,99.763255,True
reliable_idle,5,160,99.773301,True
reliable_idle,5,161,99.917200,True
reliable_idle,5,162,98.173886,True
reliable_idle,5,163,99.639124,True
reliable_idle,5,164,101.843783,True
reliable_idle,5,165,99.921781,True
reliable_idle,5,166,99.603598,True
reliable_idle,5,167,100.164557,True
reliable_idle,5,168,99.475722,True
reliable_idle,5,169,99.859944,True
reliable_idle,5,170,99.793738,True
reliable_idle,5,171,99.625080,True
reliable_idle,5,172,97.786146,True
reliable_idle,5,173,100.167382,True
reliable_idle,5,174,101.736991,True
reliable_idle,5,175,99.826371,True
reliable_idle,5,176,100.121798,True
reliable_idle,5,177,99.569870,True
reliable_idle,5,178,99.776491,True
reliable_idle,5,179,99.872643,True
reliable_idle,5,180,100.104052,True
reliable_idle,5,181,99.358917,True
reliable_idle,5,182,97.632838,True
reliable_idle,5,183,99.959479,True
reliable_idle,5,184,102.156717,True
reliable_idle,5,185,99.770366,True
reliable_idle,5,186,100.099189,True
reliable_idle,5,187,99.749278,True
reliable_idle,5,188,99.557213,True
reliable_idle,5,189,99.812000,True
reliable_idle,5,190,99.823781,True
reliable_idle,5,191,99.759244,True
reliable_idle,5,192,98.434214,True
reliable_idle,5,193,99.299481,True
reliable_idle,5,194,102.143236,True
reliable_idle,5,195,99.583121,True
reliable_idle,5,196,100.047590,True
reliable_idle,5,197,98.016214,True
reliable_idle,5,198,101.468534,True
reliable_idle,5,199,98.480230,True
reliable_idle,5,200,101.084603,True
reliable_idle,5,201,97.815105,True
reliable_idle,5,202,101.896451,True
reliable_idle,5,203,97.742685,True
reliable_idle,5,204,102.091909,True
reliable_idle,5,205,99.820706,True
reliable_idle,5,206,99.787252,True
reliable_idle,5,207,99.835892,True
reliable_idle,5,208,99.821746,True
reliable_idle,5,209,99.814049,True
reliable_idle,5,210,99.926181,True
reliable_idle,5,211,99.601187,True
reliable_idle,5,212,98.506478,True
reliable_idle,5,213,99.276361,True
reliable_idle,5,214,101.997583,True
reliable_idle,5,215,99.798116,True
reliable_idle,5,216,99.739653,True
reliable_idle,5,217,98.113766,True
reliable_idle,5,218,101.001123,True
reliable_idle,5,219,100.646026,True
reliable_idle,5,220,99.618732,True
reliable_idle,5,221,99.877102,True
reliable_idle,5,222,97.700996,True
reliable_idle,5,223,100.183998,True
reliable_idle,5,224,101.786479,True
reliable_idle,5,225,99.920924,True
reliable_idle,5,226,99.634526,True
reliable_idle,5,227,99.754839,True
reliable_idle,5,228,99.860450,True
reliable_idle,5,229,99.770892,True
reliable_idle,5,230,99.784759,True
reliable_idle,5,231,99.771042,True
reliable_idle,5,232,98.511336,True
reliable_idle,5,233,99.368856,True
reliable_idle,5,234,101.937106,True
reliable_idle,5,235,99.650990,True
reliable_idle,5,236,99.824168,True
reliable_idle,5,237,99.781727,True
reliable_idle,5,238,99.854041,True
reliable_idle,5,239,100.150762,True
reliable_idle,5,240,97.571226,True
reliable_idle,5,241,101.801095,True
reliable_idle,5,242,99.831176,True
reliable_idle,5,243,97.589567,True
reliable_idle,5,244,102.116553,True
reliable_idle,5,245,99.835000,True
reliable_idle,5,246,97.514307,True
reliable_idle,5,247,100.037175,True
reliable_idle,5,248,102.031901,True
reliable_idle,5,249,97.646330,True
reliable_idle,5,250,100.605499,True
reliable_idle,5,251,99.408068,True
reliable_idle,5,252,101.909618,True
reliable_idle,5,253,97.753948,True
reliable_idle,5,254,102.019096,True
reliable_idle,5,255,97.779353,True
reliable_idle,5,256,99.951828,True
reliable_idle,5,257,100.244302,True
reliable_idle,5,258,101.659945,True
reliable_idle,5,259,99.748299,True
reliable_idle,5,260,99.799725,True
reliable_idle,5,261,99.797583,True
reliable_idle,5,262,98.553945,True
reliable_idle,5,263,99.663430,True
reliable_idle,5,264,101.527430,True
reliable_idle,5,265,99.748257,True
reliable_idle,5,266,99.814784,True
reliable_idle,5,267,99.835802,True
reliable_idle,5,268,99.866604,True
reliable_idle,5,269,99.687039,True
reliable_idle,5,270,99.781248,True
reliable_idle,5,271,99.870254,True
reliable_idle,5,272,97.646662,True
reliable_idle,5,273,99.870097,True
reliable_idle,5,274,102.033735,True
reliable_idle,5,275,99.829771,True
reliable_idle,5,276,99.953016,True
reliable_idle,5,277,99.723627,True
reliable_idle,5,278,99.747420,True
reliable_idle,5,279,99.973453,True
reliable_idle,5,280,99.887645,True
reliable_idle,5,281,99.485218,True
reliable_idle,5,282,99.178970,True
reliable_idle,5,283,98.637799,True
reliable_idle,5,284,101.882029,True
reliable_idle,5,285,99.832476,True
reliable_idle,5,286,99.716442,True
reliable_idle,5,287,99.845484,True
reliable_idle,5,288,99.717911,True
reliable_idle,5,289,99.856315,True
reliable_idle,5,290,97.615026,True
reliable_idle,5,291,102.077070,True
reliable_idle,5,292,99.667411,True
reliable_idle,5,293,97.794209,True
reliable_idle,5,294,102.093062,True
reliable_idle,5,295,99.682182,True
reliable_idle,5,296,99.899803,True
reliable_idle,5,297,99.742695,True
reliable_idle,5,298,99.788332,True
reliable_idle,5,299,99.840812,True
reliable_idle,5,300,99.004904,True
reliable_idle,5,301,100.435737,True
reliable_idle,5,302,98.568875,True
reliable_idle,5,303,99.355233,True
reliable_idle,5,304,99.841534,True
reliable_idle,5,305,102.139015,True
reliable_idle,5,306,99.604265,True
reliable_idle,5,307,97.643309,True
reliable_idle,5,308,102.121992,True
reliable_idle,5,309,99.007440,True
reliable_idle,5,310,98.340724,True
reliable_idle,5,311,102.229135,True
reliable_idle,5,312,99.786923,True
reliable_idle,5,313,97.615707,True
reliable_idle,5,314,102.093197,True
reliable_idle,5,315,99.990266,True
reliable_idle,5,316,99.672253,True
reliable_idle,5,317,97.883934,True
reliable_idle,5,318,101.775037,True
reliable_idle,5,319,100.130866,True
reliable_idle,5,320,99.468475,True
reliable_idle,5,321,97.543651,True
reliable_idle,5,322,100.343478,True
reliable_idle,5,323,99.746691,True
reliable_idle,5,324,102.012239,True
reliable_idle,5,325,99.735701,True
reliable_idle,5,326,99.928776,True
reliable_idle,5,327,99.814727,True
reliable_idle,5,328,99.694697,True
reliable_idle,5,329,99.844853,True
reliable_idle,5,330,100.002439,True
reliable_idle,5,331,97.333665,True
reliable_idle,5,332,102.099171,True
reliable_idle,5,333,97.685776,True
reliable_idle,5,334,102.019132,True
reliable_idle,5,335,99.847328,True
reliable_idle,5,336,100.123291,True
reliable_idle,5,337,97.889324,True
reliable_idle,5,338,101.508464,True
reliable_idle,5,339,99.829840,True
reliable_idle,5,340,100.277739,True
reliable_idle,5,341,99.295422,True
reliable_idle,5,342,99.350856,True
reliable_idle,5,343,98.672336,True
reliable_idle,5,344,101.658591,True
reliable_idle,5,345,99.787241,True
reliable_idle,5,346,99.789376,True
reliable_idle,5,347,99.788024,True
reliable_idle,5,348,99.868041,True
reliable_idle,5,349,99.809105,True
reliable_idle,5,350,99.683818,True
reliable_idle,5,351,99.942904,True
reliable_idle,5,352,97.470461,True
reliable_idle,5,353,100.575706,True
reliable_idle,5,354,101.644269,True
reliable_idle,5,355,99.825773,True
reliable_idle,5,356,99.318126,True
reliable_idle,5,357,98.402565,True
reliable_idle,5,358,101.686058,True
reliable_idle,5,359,99.903533,True
reliable_idle,5,360,99.735228,True
reliable_idle,5,361,99.519560,True
reliable_idle,5,362,97.911970,True
reliable_idle,5,363,99.930299,True
reliable_idle,5,364,102.114892,True
reliable_idle,5,365,99.340426,True
reliable_idle,5,366,100.183131,True
reliable_idle,5,367,99.855725,True
reliable_idle,5,368,99.847759,True
reliable_idle,5,369,99.755876,True
reliable_idle,5,370,99.943821,True
reliable_idle,5,371,99.647000,True
reliable_idle,5,372,99.753102,True
reliable_idle,5,373,97.872084,True
reliable_idle,5,374,102.043314,True
reliable_idle,5,375,99.769638,True
reliable_idle,5,376,99.615550,True
reliable_idle,5,377,97.942490,True
reliable_idle,5,378,101.841813,True
reliable_idle,5,379,100.080742,True
reliable_idle,5,380,99.569387,True
reliable_idle,5,381,99.690989,True
reliable_idle,5,382,97.706788,True
reliable_idle,5,383,100.158380,True
reliable_idle,5,384,101.974882,True
reliable_idle,5,385,99.988004,True
reliable_idle,5,386,99.791879,True
reliable_idle,5,387,99.482843,True
reliable_idle,5,388,99.881104,True
reliable_idle,5,389,99.747014,True
reliable_idle,5,390,100.082289,True
reliable_idle,5,391,97.174015,True
reliable_idle,5,392,102.178737,True
reliable_idle,5,393,97.795838,True
reliable_idle,5,394,101.956129,True
reliable_idle,5,395,99.811744,True
reliable_idle,5,396,99.778970,True
reliable_idle,5,397,98.047489,True
reliable_idle,5,398,101.703290,True
reliable_idle,5,399,99.918375,True
reliable_idle,5,400,99.973264,True
reliable_idle,5,401,99.490372,True
reliable_idle,5,402,98.538001,True
reliable_idle,5,403,99.395009,True
reliable_idle,5,404,99.699034,True
reliable_idle,5,405,101.922535,True
reliable_idle,5,406,99.796272,True
reliable_idle,5,407,99.828716,True
reliable_idle,5,408,99.845894,True
reliable_idle,5,409,99.804171,True
reliable_idle,5,410,99.751350,True
reliable_idle,5,411,97.653810,True
reliable_idle,5,412,102.230510,True
reliable_idle,5,413,97.542833,True
reliable_idle,5,414,101.998706,True
reliable_idle,5,415,99.818949,True
reliable_idle,5,416,99.833345,True
reliable_idle,5,417,98.155711,True
reliable_idle,5,418,101.567447,True
reliable_idle,5,419,99.836712,True
reliable_idle,5,420,99.794890,True
reliable_idle,5,421,97.795725,True
reliable_idle,5,422,101.889406,True
reliable_idle,5,423,97.942535,True
reliable_idle,5,424,101.815888,True
reliable_idle,5,425,99.755938,True
reliable_idle,5,426,100.069147,True
reliable_idle,5,427,99.550955,True
reliable_idle,5,428,99.775450,True
reliable_idle,5,429,100.010145,True
reliable_idle,5,430,99.738264,True
reliable_idle,5,431,99.589554,True
reliable_idle,5,432,97.845122,True
reliable_idle,5,433,100.188646,True
reliable_idle,5,434,101.623906,True
reliable_idle,5,435,99.961386,True
reliable_idle,5,436,99.631243,True
reliable_idle,5,437,99.877839,True
reliable_idle,5,438,99.704269,True
reliable_idle,5,439,99.816144,True
reliable_idle,5,440,100.111869,True
reliable_idle,5,441,97.185745,True
reliable_idle,5,442,101.716299,True
reliable_idle,5,443,98.346206,True
reliable_idle,5,444,101.851592,True
reliable_idle,5,445,99.924331,True
reliable_idle,5,446,99.994090,True
reliable_idle,5,447,99.523391,True
reliable_idle,5,448,99.702842,True
reliable_idle,5,449,99.857611,True
reliable_idle,5,450,99.911132,True
reliable_idle,5,451,99.600771,True
reliable_idle,5,452,98.015497,True
reliable_idle,5,453,99.931910,True
reliable_idle,5,454,101.719339,True
reliable_idle,5,455,99.910630,True
reliable_idle,5,456,98.876659,True
reliable_idle,5,457,98.714512,True
reliable_idle,5,458,101.854179,True
reliable_idle,5,459,99.859961,True
reliable_idle,5,460,99.759907,True
reliable_idle,5,461,99.739968,True
reliable_idle,5,462,97.843157,True
reliable_idle,5,463,99.747537,True
reliable_idle,5,464,102.055158,True
reliable_idle,5,465,100.100384,True
reliable_idle,5,466,99.858388,True
reliable_idle,5,467,99.774233,True
reliable_idle,5,468,99.561997,True
reliable_idle,5,469,99.748789,True
reliable_idle,5,470,99.801213,True
reliable_idle,5,471,99.805675,True
reliable_idle,5,472,98.585877,True
reliable_idle,5,473,99.313620,True
reliable_idle,5,474,101.746812,True
reliable_idle,5,475,98.006935,True
reliable_idle,5,476,101.724821,True
reliable_idle,5,477,98.112277,True
reliable_idle,5,478,101.604198,True
reliable_idle,5,479,100.140308,True
reliable_idle,5,480,99.669950,True
reliable_idle,5,481,97.732367,True
reliable_idle,5,482,99.837974,True
reliable_idle,5,483,100.039911,True
reliable_idle,5,484,101.822519,True
reliable_idle,5,485,99.764165,True
reliable_idle,5,486,99.808562,True
reliable_idle,5,487,99.824011,True
reliable_idle,5,488,99.651606,True
reliable_idle,5,489,99.936551,True
reliable_idle,5,490,99.616023,True
reliable_idle,5,491,99.819683,True
reliable_idle,5,492,97.899507,True
reliable_idle,5,493,99.663564,True
reliable_idle,5,494,102.089215,True
reliable_idle,5,495,99.812287,True
reliable_idle,5,496,99.732875,True
reliable_idle,5,497,97.997301,True
reliable_idle,5,498,101.801598,True
reliable_idle,5,499,99.817317,True
reliable_idle,5,500,99.719609,True
reliable_idle,5,501,97.645948,True
reliable_idle,5,502,102.050347,True
reliable_idle,5,503,97.783140,True
reliable_idle,5,504,102.057505,True
reliable_idle,5,505,99.734619,True
reliable_idle,5,506,99.828956,True
reliable_idle,5,507,99.738344,True
reliable_idle,5,508,99.781172,True
reliable_idle,5,509,99.840895,True
reliable_idle,5,510,99.729458,True
reliable_idle,5,511,99.847707,True
reliable_idle,5,512,97.888881,True
reliable_idle,5,513,99.835742,True
reliable_idle,5,514,101.925272,True
reliable_idle,5,515,99.863950,True
reliable_idle,5,516,99.664606,True
reliable_idle,5,517,98.028031,True
reliable_idle,5,518,101.902315,True
reliable_idle,5,519,99.598251,True
reliable_idle,5,520,99.834509,True
reliable_idle,5,521,99.762219,True
reliable_idle,5,522,98.596511,True
reliable_idle,5,523,99.125842,True
reliable_idle,5,524,99.942780,True
reliable_idle,5,525,101.844521,True
reliable_idle,5,526,99.801176,True
reliable_idle,5,527,100.243209,True
reliable_idle,5,528,99.396429,True
reliable_idle,5,529,99.516579,True
reliable_idle,5,530,100.154663,True
reliable_idle,5,531,99.654730,True
reliable_idle,5,532,97.700085,True
reliable_idle,5,533,100.222128,True
reliable_idle,5,534,99.898324,True
reliable_idle,5,535,101.982018,True
reliable_idle,5,536,99.592273,True
reliable_idle,5,537,99.818914,True
reliable_idle,5,538,99.785223,True
reliable_idle,5,539,97.609657,True
reliable_idle,5,540,102.140983,True
reliable_idle,5,541,99.870634,True
reliable_idle,5,542,97.842359,True
reliable_idle,5,543,99.617048,True
reliable_idle,5,544,102.156055,True
reliable_idle,5,545,99.866279,True
reliable_idle,5,546,99.707585,True
reliable_idle,5,547,99.847858,True
reliable_idle,5,548,99.796144,True
reliable_idle,5,549,99.860559,True
reliable_idle,5,550,99.751248,True
reliable_idle,5,551,97.614800,True
reliable_idle,5,552,102.014202,True
reliable_idle,5,553,97.700904,True
reliable_idle,5,554,102.079156,True
reliable_idle,5,555,99.782236,True
reliable_idle,5,556,99.811767,True
reliable_idle,5,557,98.898604,True
reliable_idle,5,558,100.757491,True
reliable_idle,5,559,99.728213,True
reliable_idle,5,560,97.544578,True
reliable_idle,5,561,102.275546,True
reliable_idle,5,562,97.887231,True
reliable_idle,5,563,99.679991,True
reliable_idle,5,564,102.058216,True
reliable_idle,5,565,99.848140,True
reliable_idle,5,566,100.102775,True
reliable_idle,5,567,99.738122,True
reliable_idle,5,568,99.521666,True
reliable_idle,5,569,99.864175,True
reliable_idle,5,570,99.861914,True
reliable_idle,5,571,99.645633,True
reliable_idle,5,572,97.846405,True
reliable_idle,5,573,99.586688,True
reliable_idle,5,574,102.274675,True
reliable_idle,5,575,99.635282,True
reliable_idle,5,576,99.812272,True
reliable_idle,5,577,99.867988,True
reliable_idle,5,578,99.751209,True
reliable_idle,5,579,99.755036,True
reliable_idle,5,580,99.826894,True
reliable_idle,5,581,99.833188,True
reliable_idle,5,582,98.021427,True
reliable_idle,5,583,99.729097,True
reliable_idle,5,584,101.946038,True
reliable_idle,5,585,99.642163,True
reliable_idle,5,586,99.995858,True
reliable_idle,5,587,99.874404,True
reliable_idle,5,588,99.541817,True
reliable_idle,5,589,100.029932,True
reliable_idle,5,590,99.543214,True
reliable_idle,5,591,99.766478,True
reliable_idle,5,592,97.996633,True
reliable_idle,5,593,99.866868,True
reliable_idle,5,594,101.853901,True
reliable_idle,5,595,99.921272,True
reliable_idle,5,596,99.665620,True
reliable_idle,5,597,97.844403,True
reliable_idle,5,598,101.915948,True
reliable_idle,5,599,100.037626,True
best_effort_idle,1,0,99.769680,True
best_effort_idle,1,1,99.818319,True
best_effort_idle,1,2,100.143319,True
best_effort_idle,1,3,99.739186,True
best_effort_idle,1,4,99.467224,True
best_effort_idle,1,5,100.095785,True
best_effort_idle,1,6,99.844272,True
best_effort_idle,1,7,99.295193,True
best_effort_idle,1,8,97.659411,True
best_effort_idle,1,9,102.296279,True
best_effort_idle,1,10,99.767543,True
best_effort_idle,1,11,97.782769,True
best_effort_idle,1,12,101.906463,True
best_effort_idle,1,13,99.822933,True
best_effort_idle,1,14,99.809928,True
best_effort_idle,1,15,99.831936,True
best_effort_idle,1,16,99.662788,True
best_effort_idle,1,17,99.844293,True
best_effort_idle,1,18,97.643192,True
best_effort_idle,1,19,101.910887,True
best_effort_idle,1,20,99.912644,True
best_effort_idle,1,21,98.412933,True
best_effort_idle,1,22,101.207267,True
best_effort_idle,1,23,99.746475,True
best_effort_idle,1,24,99.923087,True
best_effort_idle,1,25,99.787021,True
best_effort_idle,1,26,99.796452,True
best_effort_idle,1,27,97.812505,True
best_effort_idle,1,28,99.553715,True
best_effort_idle,1,29,101.038717,True
best_effort_idle,1,30,98.869431,True
best_effort_idle,1,31,102.212883,True
best_effort_idle,1,32,97.503789,True
best_effort_idle,1,33,102.210841,True
best_effort_idle,1,34,99.787773,True
best_effort_idle,1,35,100.175841,True
best_effort_idle,1,36,99.525219,True
best_effort_idle,1,37,99.725962,True
best_effort_idle,1,38,97.773424,True
best_effort_idle,1,39,101.901656,True
best_effort_idle,1,40,99.805592,True
best_effort_idle,1,41,98.657496,True
best_effort_idle,1,42,101.055559,True
best_effort_idle,1,43,99.701661,True
best_effort_idle,1,44,99.838305,True
best_effort_idle,1,45,98.330921,True
best_effort_idle,1,46,101.418085,True
best_effort_idle,1,47,99.686394,True
best_effort_idle,1,48,97.585480,True
best_effort_idle,1,49,102.125700,True
best_effort_idle,1,50,99.829138,True
best_effort_idle,1,51,97.949720,True
best_effort_idle,1,52,99.405585,True
best_effort_idle,1,53,102.310396,True
best_effort_idle,1,54,99.793592,True
best_effort_idle,1,55,99.814872,True
best_effort_idle,1,56,99.911041,True
best_effort_idle,1,57,100.003500,True
best_effort_idle,1,58,97.179147,True
best_effort_idle,1,59,100.966777,True
best_effort_idle,1,60,100.476745,True
best_effort_idle,1,61,100.495277,True
best_effort_idle,1,62,99.770745,True
best_effort_idle,1,63,99.759621,True
best_effort_idle,1,64,99.812561,True
best_effort_idle,1,65,99.785282,True
best_effort_idle,1,66,99.991441,True
best_effort_idle,1,67,99.731253,True
best_effort_idle,1,68,97.361629,True
best_effort_idle,1,69,100.905398,True
best_effort_idle,1,70,98.960826,True
best_effort_idle,1,71,102.200789,True
best_effort_idle,1,72,97.340357,True
best_effort_idle,1,73,102.530791,True
best_effort_idle,1,74,99.615004,True
best_effort_idle,1,75,99.769825,True
best_effort_idle,1,76,100.154119,True
best_effort_idle,1,77,98.494428,True
best_effort_idle,1,78,98.544136,True
best_effort_idle,1,79,99.791992,True
best_effort_idle,1,80,101.970369,True
best_effort_idle,1,81,100.474267,True
best_effort_idle,1,82,99.805725,True
best_effort_idle,1,83,99.481456,True
best_effort_idle,1,84,99.856501,True
best_effort_idle,1,85,97.615790,True
best_effort_idle,1,86,99.929367,True
best_effort_idle,1,87,102.105085,True
best_effort_idle,1,88,97.391686,True
best_effort_idle,1,89,101.292938,True
best_effort_idle,1,90,98.662964,True
best_effort_idle,1,91,101.702142,True
best_effort_idle,1,92,100.277347,True
best_effort_idle,1,93,99.800705,True
best_effort_idle,1,94,99.822764,True
best_effort_idle,1,95,99.735279,True
best_effort_idle,1,96,99.841244,True
best_effort_idle,1,97,99.806242,True
best_effort_idle,1,98,97.412674,True
best_effort_idle,1,99,100.879517,True
best_effort_idle,1,100,101.147211,True
best_effort_idle,1,101,100.065166,True
best_effort_idle,1,102,99.508608,True
best_effort_idle,1,103,99.820644,True
best_effort_idle,1,104,98.145239,True
best_effort_idle,1,105,101.584855,True
best_effort_idle,1,106,100.015932,True
best_effort_idle,1,107,99.532929,True
best_effort_idle,1,108,97.587677,True
best_effort_idle,1,109,102.320259,True
best_effort_idle,1,110,97.431995,True
best_effort_idle,1,111,102.199993,True
best_effort_idle,1,112,97.523276,True
best_effort_idle,1,113,102.247242,True
best_effort_idle,1,114,99.214041,True
best_effort_idle,1,115,100.293742,True
best_effort_idle,1,116,99.963838,True
best_effort_idle,1,117,99.748370,True
best_effort_idle,1,118,97.357364,True
best_effort_idle,1,119,100.345510,True
best_effort_idle,1,120,101.743489,True
best_effort_idle,1,121,100.032277,True
best_effort_idle,1,122,99.548671,True
best_effort_idle,1,123,98.060561,True
best_effort_idle,1,124,101.739014,True
best_effort_idle,1,125,99.769932,True
best_effort_idle,1,126,99.793572,True
best_effort_idle,1,127,99.803463,True
best_effort_idle,1,128,97.475211,True
best_effort_idle,1,129,102.237869,True
best_effort_idle,1,130,99.918540,True
best_effort_idle,1,131,99.700733,True
best_effort_idle,1,132,97.461668,True
best_effort_idle,1,133,102.212116,True
best_effort_idle,1,134,99.751351,True
best_effort_idle,1,135,99.818118,True
best_effort_idle,1,136,99.998228,True
best_effort_idle,1,137,99.581811,True
best_effort_idle,1,138,97.504936,True
best_effort_idle,1,139,102.208846,True
best_effort_idle,1,140,99.810388,True
best_effort_idle,1,141,99.922228,True
best_effort_idle,1,142,99.645844,True
best_effort_idle,1,143,99.776451,True
best_effort_idle,1,144,99.801072,True
best_effort_idle,1,145,99.894316,True
best_effort_idle,1,146,99.875695,True
best_effort_idle,1,147,99.179524,True
best_effort_idle,1,148,98.013343,True
best_effort_idle,1,149,100.556542,True
best_effort_idle,1,150,101.102941,True
best_effort_idle,1,151,100.258674,True
best_effort_idle,1,152,97.360066,True
best_effort_idle,1,153,102.252008,True
best_effort_idle,1,154,99.978606,True
best_effort_idle,1,155,99.641913,True
best_effort_idle,1,156,98.171669,True
best_effort_idle,1,157,101.562289,True
best_effort_idle,1,158,97.522549,True
best_effort_idle,1,159,100.115416,True
best_effort_idle,1,160,102.072420,True
best_effort_idle,1,161,99.803598,True
best_effort_idle,1,162,102.129061,True
best_effort_idle,1,163,97.452369,True
best_effort_idle,1,164,99.279295,True
best_effort_idle,1,165,100.241405,True
best_effort_idle,1,166,99.900137,True
best_effort_idle,1,167,97.583128,True
best_effort_idle,1,168,99.691802,True
best_effort_idle,1,169,101.280722,True
best_effort_idle,1,170,101.210468,True
best_effort_idle,1,171,97.557198,True
best_effort_idle,1,172,99.421403,True
best_effort_idle,1,173,102.373542,True
best_effort_idle,1,174,99.724022,True
best_effort_idle,1,175,99.869287,True
best_effort_idle,1,176,99.799586,True
best_effort_idle,1,177,99.919738,True
best_effort_idle,1,178,98.808164,True
best_effort_idle,1,179,100.711609,True
best_effort_idle,1,180,100.006875,True
best_effort_idle,1,181,97.259955,True
best_effort_idle,1,182,102.153861,True
best_effort_idle,1,183,99.839319,True
best_effort_idle,1,184,99.710411,True
best_effort_idle,1,185,97.553688,True
best_effort_idle,1,186,102.343831,True
best_effort_idle,1,187,100.148329,True
best_effort_idle,1,188,96.973705,True
best_effort_idle,1,189,100.457590,True
best_effort_idle,1,190,101.717766,True
best_effort_idle,1,191,99.785140,True
best_effort_idle,1,192,99.766062,True
best_effort_idle,1,193,100.072520,True
best_effort_idle,1,194,99.731326,True
best_effort_idle,1,195,99.623243,True
best_effort_idle,1,196,99.708351,True
best_effort_idle,1,197,99.793302,True
best_effort_idle,1,198,97.567446,True
best_effort_idle,1,199,102.412245,True
best_effort_idle,1,200,97.678594,True
best_effort_idle,1,201,102.044477,True
best_effort_idle,1,202,99.445120,True
best_effort_idle,1,203,99.896108,True
best_effort_idle,1,204,99.725783,True
best_effort_idle,1,205,99.417880,True
best_effort_idle,1,206,100.506644,True
best_effort_idle,1,207,99.436861,True
best_effort_idle,1,208,97.626331,True
best_effort_idle,1,209,102.340761,True
best_effort_idle,1,210,99.936483,True
best_effort_idle,1,211,99.707663,True
best_effort_idle,1,212,97.666664,True
best_effort_idle,1,213,101.717201,True
best_effort_idle,1,214,100.101214,True
best_effort_idle,1,215,99.838934,True
best_effort_idle,1,216,99.631693,True
best_effort_idle,1,217,99.936002,True
best_effort_idle,1,218,97.286391,True
best_effort_idle,1,219,102.143082,True
best_effort_idle,1,220,99.841001,True
best_effort_idle,1,221,98.081956,True
best_effort_idle,1,222,101.650492,True
best_effort_idle,1,223,99.745080,True
best_effort_idle,1,224,100.009850,True
best_effort_idle,1,225,97.675912,True
best_effort_idle,1,226,102.305859,True
best_effort_idle,1,227,98.915005,True
best_effort_idle,1,228,97.905667,True
best_effort_idle,1,229,100.555059,True
best_effort_idle,1,230,101.753718,True
best_effort_idle,1,231,99.941162,True
best_effort_idle,1,232,96.992147,True
best_effort_idle,1,233,102.620146,True
best_effort_idle,1,234,99.656917,True
best_effort_idle,1,235,99.486999,True
best_effort_idle,1,236,99.501394,True
best_effort_idle,1,237,100.082179,True
best_effort_idle,1,238,97.614611,True
best_effort_idle,1,239,102.148701,True
best_effort_idle,1,240,97.864809,True
best_effort_idle,1,241,102.023218,True
best_effort_idle,1,242,99.722727,True
best_effort_idle,1,243,99.721972,True
best_effort_idle,1,244,99.786456,True
best_effort_idle,1,245,99.763876,True
best_effort_idle,1,246,99.803202,True
best_effort_idle,1,247,99.744150,True
best_effort_idle,1,248,97.414544,True
best_effort_idle,1,249,102.311342,True
best_effort_idle,1,250,99.874424,True
best_effort_idle,1,251,99.995025,True
best_effort_idle,1,252,97.286153,True
best_effort_idle,1,253,102.200809,True
best_effort_idle,1,254,99.766928,True
best_effort_idle,1,255,99.808580,True
best_effort_idle,1,256,99.837233,True
best_effort_idle,1,257,99.838667,True
best_effort_idle,1,258,97.596908,True
best_effort_idle,1,259,101.998176,True
best_effort_idle,1,260,99.845756,True
best_effort_idle,1,261,100.258935,True
best_effort_idle,1,262,99.577424,True
best_effort_idle,1,263,99.589424,True
best_effort_idle,1,264,99.797921,True
best_effort_idle,1,265,99.884880,True
best_effort_idle,1,266,99.646553,True
best_effort_idle,1,267,99.711477,True
best_effort_idle,1,268,97.578816,True
best_effort_idle,1,269,102.131327,True
best_effort_idle,1,270,99.808547,True
best_effort_idle,1,271,99.799013,True
best_effort_idle,1,272,97.390988,True
best_effort_idle,1,273,102.441059,True
best_effort_idle,1,274,99.690641,True
best_effort_idle,1,275,99.822173,True
best_effort_idle,1,276,98.848212,True
best_effort_idle,1,277,98.623529,True
best_effort_idle,1,278,99.855411,True
best_effort_idle,1,279,102.484330,True
best_effort_idle,1,280,99.548609,True
best_effort_idle,1,281,99.739088,True
best_effort_idle,1,282,99.700711,True
best_effort_idle,1,283,99.953045,True
best_effort_idle,1,284,99.167017,True
best_effort_idle,1,285,100.278820,True
best_effort_idle,1,286,99.852011,True
best_effort_idle,1,287,98.764365,True
best_effort_idle,1,288,98.623718,True
best_effort_idle,1,289,100.487477,True
best_effort_idle,1,290,99.352101,True
best_effort_idle,1,291,102.444013,True
best_effort_idle,1,292,97.066623,True
best_effort_idle,1,293,102.430405,True
best_effort_idle,1,294,99.739868,True
best_effort_idle,1,295,99.786018,True
best_effort_idle,1,296,100.004727,True
best_effort_idle,1,297,99.639099,True
best_effort_idle,1,298,97.386218,True
best_effort_idle,1,299,100.621814,True
best_effort_idle,1,300,101.498662,True
best_effort_idle,1,301,99.839345,True
best_effort_idle,1,302,99.728566,True
best_effort_idle,1,303,99.944160,True
best_effort_idle,1,304,99.648584,True
best_effort_idle,1,305,99.337131,True
best_effort_idle,1,306,100.226441,True
best_effort_idle,1,307,99.309624,True
best_effort_idle,1,308,98.006692,True
best_effort_idle,1,309,100.952858,True
best_effort_idle,1,310,101.163634,True
best_effort_idle,1,311,97.746975,True
best_effort_idle,1,312,99.761196,True
best_effort_idle,1,313,102.397086,True
best_effort_idle,1,314,99.540313,True
best_effort_idle,1,315,97.957686,True
best_effort_idle,1,316,102.131661,True
best_effort_idle,1,317,97.208627,True
best_effort_idle,1,318,99.972257,True
best_effort_idle,1,319,102.149464,True
best_effort_idle,1,320,99.825888,True
best_effort_idle,1,321,100.122154,True
best_effort_idle,1,322,99.650555,True
best_effort_idle,1,323,99.592752,True
best_effort_idle,1,324,99.993264,True
best_effort_idle,1,325,99.535489,True
best_effort_idle,1,326,100.138513,True
best_effort_idle,1,327,99.482061,True
best_effort_idle,1,328,97.523773,True
best_effort_idle,1,329,102.200786,True
best_effort_idle,1,330,99.716189,True
best_effort_idle,1,331,100.196795,True
best_effort_idle,1,332,99.349129,True
best_effort_idle,1,333,99.868719,True
best_effort_idle,1,334,98.027423,True
best_effort_idle,1,335,101.634872,True
best_effort_idle,1,336,98.114338,True
best_effort_idle,1,337,101.611298,True
best_effort_idle,1,338,97.567858,True
best_effort_idle,1,339,100.899499,True
best_effort_idle,1,340,101.346936,True
best_effort_idle,1,341,99.727571,True
best_effort_idle,1,342,97.768807,True
best_effort_idle,1,343,100.130934,True
best_effort_idle,1,344,101.684085,True
best_effort_idle,1,345,99.933482,True
best_effort_idle,1,346,99.576947,True
best_effort_idle,1,347,97.966474,True
best_effort_idle,1,348,99.278743,True
best_effort_idle,1,349,101.008916,True
best_effort_idle,1,350,98.924532,True
best_effort_idle,1,351,102.336242,True
best_effort_idle,1,352,99.699630,True
best_effort_idle,1,353,99.721272,True
best_effort_idle,1,354,99.928572,True
best_effort_idle,1,355,99.608044,True
best_effort_idle,1,356,99.774207,True
best_effort_idle,1,357,99.837148,True
best_effort_idle,1,358,97.832473,True
best_effort_idle,1,359,99.963671,True
best_effort_idle,1,360,101.849830,True
best_effort_idle,1,361,99.823554,True
best_effort_idle,1,362,100.074242,True
best_effort_idle,1,363,98.846053,True
best_effort_idle,1,364,100.511061,True
best_effort_idle,1,365,99.808427,True
best_effort_idle,1,366,99.752833,True
best_effort_idle,1,367,100.109816,True
best_effort_idle,1,368,97.554538,True
best_effort_idle,1,369,102.014456,True
best_effort_idle,1,370,99.825331,True
best_effort_idle,1,371,97.382067,True
best_effort_idle,1,372,102.078558,True
best_effort_idle,1,373,97.954357,True
best_effort_idle,1,374,101.806968,True
best_effort_idle,1,375,98.540353,True
best_effort_idle,1,376,101.194585,True
best_effort_idle,1,377,99.692525,True
best_effort_idle,1,378,97.562797,True
best_effort_idle,1,379,99.785907,True
best_effort_idle,1,380,102.356184,True
best_effort_idle,1,381,99.870995,True
best_effort_idle,1,382,99.918626,True
best_effort_idle,1,383,99.719984,True
best_effort_idle,1,384,99.107901,True
best_effort_idle,1,385,98.717932,True
best_effort_idle,1,386,99.923633,True
best_effort_idle,1,387,100.965874,True
best_effort_idle,1,388,98.058720,True
best_effort_idle,1,389,101.156245,True
best_effort_idle,1,390,100.972032,True
best_effort_idle,1,391,99.984873,True
best_effort_idle,1,392,99.510810,True
best_effort_idle,1,393,99.916341,True
best_effort_idle,1,394,99.669324,True
best_effort_idle,1,395,99.947190,True
best_effort_idle,1,396,99.740211,True
best_effort_idle,1,397,99.746858,True
best_effort_idle,1,398,97.458764,True
best_effort_idle,1,399,100.419317,True
best_effort_idle,1,400,101.699359,True
best_effort_idle,1,401,99.872672,True
best_effort_idle,1,402,99.687210,True
best_effort_idle,1,403,97.804123,True
best_effort_idle,1,404,100.354650,True
best_effort_idle,1,405,101.480402,True
best_effort_idle,1,406,99.806207,True
best_effort_idle,1,407,97.542003,True
best_effort_idle,1,408,99.945657,True
best_effort_idle,1,409,100.902257,True
best_effort_idle,1,410,101.162600,True
best_effort_idle,1,411,99.817615,True
best_effort_idle,1,412,99.700854,True
best_effort_idle,1,413,99.871518,True
best_effort_idle,1,414,99.757595,True
best_effort_idle,1,415,100.063796,True
best_effort_idle,1,416,100.030639,True
best_effort_idle,1,417,99.312074,True
best_effort_idle,1,418,97.529006,True
best_effort_idle,1,419,100.506995,True
best_effort_idle,1,420,101.089756,True
best_effort_idle,1,421,100.321653,True
best_effort_idle,1,422,99.824431,True
best_effort_idle,1,423,99.892865,True
best_effort_idle,1,424,99.530540,True
best_effort_idle,1,425,99.924246,True
best_effort_idle,1,426,99.807607,True
best_effort_idle,1,427,98.384195,True
best_effort_idle,1,428,99.094109,True
best_effort_idle,1,429,101.554523,True
best_effort_idle,1,430,98.126489,True
best_effort_idle,1,431,102.390314,True
best_effort_idle,1,432,99.620127,True
best_effort_idle,1,433,99.827527,True
best_effort_idle,1,434,99.660758,True
best_effort_idle,1,435,99.933048,True
best_effort_idle,1,436,99.768856,True
best_effort_idle,1,437,99.755117,True
best_effort_idle,1,438,97.628911,True
best_effort_idle,1,439,100.563839,True
best_effort_idle,1,440,101.477597,True
best_effort_idle,1,441,99.806840,True
best_effort_idle,1,442,98.490259,True
best_effort_idle,1,443,101.245067,True
best_effort_idle,1,444,99.974044,True
best_effort_idle,1,445,99.767119,True
best_effort_idle,1,446,100.064792,True
best_effort_idle,1,447,98.414783,True
best_effort_idle,1,448,98.487264,True
best_effort_idle,1,449,100.548856,True
best_effort_idle,1,450,101.439702,True
best_effort_idle,1,451,100.338112,True
best_effort_idle,1,452,97.034039,True
best_effort_idle,1,453,102.187128,True
best_effort_idle,1,454,99.794455,True
best_effort_idle,1,455,99.827596,True
best_effort_idle,1,456,100.287892,True
best_effort_idle,1,457,97.582789,True
best_effort_idle,1,458,100.792460,True
best_effort_idle,1,459,100.654509,True
best_effort_idle,1,460,99.855470,True
best_effort_idle,1,461,99.931858,True
best_effort_idle,1,462,99.563037,True
best_effort_idle,1,463,99.853787,True
best_effort_idle,1,464,99.743126,True
best_effort_idle,1,465,99.827117,True
best_effort_idle,1,466,97.856757,True
best_effort_idle,1,467,101.158519,True
best_effort_idle,1,468,98.349026,True
best_effort_idle,1,469,100.294554,True
best_effort_idle,1,470,101.748551,True
best_effort_idle,1,471,100.041826,True
best_effort_idle,1,472,99.494552,True
best_effort_idle,1,473,97.596598,True
best_effort_idle,1,474,101.831126,True
best_effort_idle,1,475,100.356016,True
best_effort_idle,1,476,99.970059,True
best_effort_idle,1,477,98.759810,True
best_effort_idle,1,478,98.295735,True
best_effort_idle,1,479,102.227128,True
best_effort_idle,1,480,98.404950,True
best_effort_idle,1,481,99.100570,True
best_effort_idle,1,482,102.071579,True
best_effort_idle,1,483,99.700339,True
best_effort_idle,1,484,100.142940,True
best_effort_idle,1,485,99.508509,True
best_effort_idle,1,486,99.931704,True
best_effort_idle,1,487,97.917121,True
best_effort_idle,1,488,99.374596,True
best_effort_idle,1,489,100.906000,True
best_effort_idle,1,490,101.351350,True
best_effort_idle,1,491,99.728527,True
best_effort_idle,1,492,97.239125,True
best_effort_idle,1,493,102.295291,True
best_effort_idle,1,494,99.978868,True
best_effort_idle,1,495,99.624589,True
best_effort_idle,1,496,99.973595,True
best_effort_idle,1,497,99.513772,True
best_effort_idle,1,498,97.670767,True
best_effort_idle,1,499,101.875261,True
best_effort_idle,1,500,100.026372,True
best_effort_idle,1,501,99.845403,True
best_effort_idle,1,502,99.279783,True
best_effort_idle,1,503,100.321595,True
best_effort_idle,1,504,99.731853,True
best_effort_idle,1,505,100.069864,True
best_effort_idle,1,506,99.066882,True
best_effort_idle,1,507,99.760541,True
best_effort_idle,1,508,98.141268,True
best_effort_idle,1,509,102.131499,True
best_effort_idle,1,510,99.747366,True
best_effort_idle,1,511,99.997498,True
best_effort_idle,1,512,97.364567,True
best_effort_idle,1,513,102.144242,True
best_effort_idle,1,514,99.834196,True
best_effort_idle,1,515,99.862534,True
best_effort_idle,1,516,99.837394,True
best_effort_idle,1,517,98.424696,True
best_effort_idle,1,518,98.956002,True
best_effort_idle,1,519,102.109958,True
best_effort_idle,1,520,99.823379,True
best_effort_idle,1,521,97.936988,True
best_effort_idle,1,522,102.085215,True
best_effort_idle,1,523,99.492928,True
best_effort_idle,1,524,99.782768,True
best_effort_idle,1,525,99.892846,True
best_effort_idle,1,526,99.983967,True
best_effort_idle,1,527,99.361850,True
best_effort_idle,1,528,97.676901,True
best_effort_idle,1,529,100.768628,True
best_effort_idle,1,530,101.209827,True
best_effort_idle,1,531,99.800387,True
best_effort_idle,1,532,99.793886,True
best_effort_idle,1,533,99.799408,True
best_effort_idle,1,534,99.820375,True
best_effort_idle,1,535,99.823092,True
best_effort_idle,1,536,100.267474,True
best_effort_idle,1,537,97.972607,True
best_effort_idle,1,538,98.931518,True
best_effort_idle,1,539,102.156937,True
best_effort_idle,1,540,99.706449,True
best_effort_idle,1,541,100.303658,True
best_effort_idle,1,542,98.402292,True
best_effort_idle,1,543,101.250203,True
best_effort_idle,1,544,99.474182,True
best_effort_idle,1,545,100.016277,True
best_effort_idle,1,546,100.009680,True
best_effort_idle,1,547,98.633925,True
best_effort_idle,1,548,98.353599,True
best_effort_idle,1,549,102.081909,True
best_effort_idle,1,550,97.707213,True
best_effort_idle,1,551,102.399396,True
best_effort_idle,1,552,97.154891,True
best_effort_idle,1,553,102.318365,True
best_effort_idle,1,554,99.714855,True
best_effort_idle,1,555,99.750920,True
best_effort_idle,1,556,100.170068,True
best_effort_idle,1,557,99.437404,True
best_effort_idle,1,558,97.613915,True
best_effort_idle,1,559,100.275779,True
best_effort_idle,1,560,101.808792,True
best_effort_idle,1,561,99.742860,True
best_effort_idle,1,562,99.776768,True
best_effort_idle,1,563,98.884235,True
best_effort_idle,1,564,100.811186,True
best_effort_idle,1,565,99.760273,True
best_effort_idle,1,566,99.781842,True
best_effort_idle,1,567,99.856438,True
best_effort_idle,1,568,97.539156,True
best_effort_idle,1,569,100.414247,True
best_effort_idle,1,570,101.577159,True
best_effort_idle,1,571,97.887286,True
best_effort_idle,1,572,99.491955,True
best_effort_idle,1,573,100.112378,True
best_effort_idle,1,574,102.549015,True
best_effort_idle,1,575,98.916981,True
best_effort_idle,1,576,100.538467,True
best_effort_idle,1,577,99.758042,True
best_effort_idle,1,578,97.338487,True
best_effort_idle,1,579,102.149471,True
best_effort_idle,1,580,100.109040,True
best_effort_idle,1,581,99.617076,True
best_effort_idle,1,582,99.907575,True
best_effort_idle,1,583,99.461021,True
best_effort_idle,1,584,99.905631,True
best_effort_idle,1,585,100.081156,True
best_effort_idle,1,586,97.525597,True
best_effort_idle,1,587,101.768643,True
best_effort_idle,1,588,97.562995,True
best_effort_idle,1,589,102.266223,True
best_effort_idle,1,590,99.352427,True
best_effort_idle,1,591,100.290382,True
best_effort_idle,1,592,97.368483,True
best_effort_idle,1,593,102.275436,True
best_effort_idle,1,594,97.649276,True
best_effort_idle,1,595,102.218066,True
best_effort_idle,1,596,99.932274,True
best_effort_idle,1,597,99.526219,True
best_effort_idle,1,598,97.728677,True
best_effort_idle,1,599,100.022136,True
best_effort_idle,2,0,101.443027,True
best_effort_idle,2,1,100.015778,True
best_effort_idle,2,2,98.338281,True
best_effort_idle,2,3,98.549394,True
best_effort_idle,2,4,100.724037,True
best_effort_idle,2,5,99.419572,True
best_effort_idle,2,6,99.844275,True
best_effort_idle,2,7,99.547772,True
best_effort_idle,2,8,102.263534,True
best_effort_idle,2,9,99.904297,True
best_effort_idle,2,10,99.915995,True
best_effort_idle,2,11,100.156090,True
best_effort_idle,2,12,97.084674,True
best_effort_idle,2,13,99.863120,True
best_effort_idle,2,14,100.019434,True
best_effort_idle,2,15,102.324694,True
best_effort_idle,2,16,99.228869,True
best_effort_idle,2,17,100.230588,True
best_effort_idle,2,18,99.737426,True
best_effort_idle,2,19,100.150685,True
best_effort_idle,2,20,99.533920,True
best_effort_idle,2,21,100.261690,True
best_effort_idle,2,22,99.504710,True
best_effort_idle,2,23,97.314289,True
best_effort_idle,2,24,102.156063,True
best_effort_idle,2,25,100.190107,True
best_effort_idle,2,26,99.912155,True
best_effort_idle,2,27,99.300795,True
best_effort_idle,2,28,99.799252,True
best_effort_idle,2,29,97.715687,True
best_effort_idle,2,30,101.949779,True
best_effort_idle,2,31,100.034751,True
best_effort_idle,2,32,99.690955,True
best_effort_idle,2,33,97.463863,True
best_effort_idle,2,34,100.235870,True
best_effort_idle,2,35,102.077019,True
best_effort_idle,2,36,99.682432,True
best_effort_idle,2,37,99.703156,True
best_effort_idle,2,38,99.763432,True
best_effort_idle,2,39,99.647817,True
best_effort_idle,2,40,99.813524,True
best_effort_idle,2,41,99.879868,True
best_effort_idle,2,42,100.040901,True
best_effort_idle,2,43,97.286409,True
best_effort_idle,2,44,100.552841,True
best_effort_idle,2,45,101.456065,True
best_effort_idle,2,46,99.924666,True
best_effort_idle,2,47,97.407811,True
best_effort_idle,2,48,100.218701,True
best_effort_idle,2,49,101.953940,True
best_effort_idle,2,50,99.754925,True
best_effort_idle,2,51,99.914158,True
best_effort_idle,2,52,99.721105,True
best_effort_idle,2,53,97.565819,True
best_effort_idle,2,54,100.854623,True
best_effort_idle,2,55,99.105008,True
best_effort_idle,2,56,102.528907,True
best_effort_idle,2,57,99.542012,True
best_effort_idle,2,58,99.612667,True
best_effort_idle,2,59,99.881648,True
best_effort_idle,2,60,99.727200,True
best_effort_idle,2,61,100.050244,True
best_effort_idle,2,62,99.422734,True
best_effort_idle,2,63,97.622614,True
best_effort_idle,2,64,102.164472,True
best_effort_idle,2,65,99.700055,True
best_effort_idle,2,66,100.219144,True
best_effort_idle,2,67,99.434715,True
best_effort_idle,2,68,99.780938,True
best_effort_idle,2,69,97.743937,True
best_effort_idle,2,70,102.170516,True
best_effort_idle,2,71,97.413039,True
best_effort_idle,2,72,101.163378,True
best_effort_idle,2,73,98.717336,True
best_effort_idle,2,74,99.577811,True
best_effort_idle,2,75,100.534164,True
best_effort_idle,2,76,101.965992,True
best_effort_idle,2,77,99.664344,True
best_effort_idle,2,78,99.737171,True
best_effort_idle,2,79,99.800962,True
best_effort_idle,2,80,99.850307,True
best_effort_idle,2,81,100.228968,True
best_effort_idle,2,82,98.901699,True
best_effort_idle,2,83,98.001445,True
best_effort_idle,2,84,102.227043,True
best_effort_idle,2,85,100.088586,True
best_effort_idle,2,86,99.155504,True
best_effort_idle,2,87,100.112569,True
best_effort_idle,2,88,99.812935,True
best_effort_idle,2,89,100.011457,True
best_effort_idle,2,90,97.350288,True
best_effort_idle,2,91,102.354828,True
best_effort_idle,2,92,97.358119,True
best_effort_idle,2,93,99.982368,True
best_effort_idle,2,94,102.090947,True
best_effort_idle,2,95,100.089750,True
best_effort_idle,2,96,100.012761,True
best_effort_idle,2,97,99.363232,True
best_effort_idle,2,98,99.719792,True
best_effort_idle,2,99,100.050621,True
best_effort_idle,2,100,99.758068,True
best_effort_idle,2,101,99.881507,True
best_effort_idle,2,102,99.446608,True
best_effort_idle,2,103,97.635290,True
best_effort_idle,2,104,102.090177,True
best_effort_idle,2,105,98.084340,True
best_effort_idle,2,106,101.139218,True
best_effort_idle,2,107,98.069300,True
best_effort_idle,2,108,102.171831,True
best_effort_idle,2,109,99.809757,True
best_effort_idle,2,110,99.742555,True
best_effort_idle,2,111,99.866604,True
best_effort_idle,2,112,100.084526,True
best_effort_idle,2,113,97.263209,True
best_effort_idle,2,114,102.126214,True
best_effort_idle,2,115,99.347321,True
best_effort_idle,2,116,100.584334,True
best_effort_idle,2,117,99.414381,True
best_effort_idle,2,118,99.873511,True
best_effort_idle,2,119,99.858435,True
best_effort_idle,2,120,99.856941,True
best_effort_idle,2,121,100.138222,True
best_effort_idle,2,122,97.675818,True
best_effort_idle,2,123,99.446695,True
best_effort_idle,2,124,100.220683,True
best_effort_idle,2,125,101.751192,True
best_effort_idle,2,126,97.670095,True
best_effort_idle,2,127,99.715901,True
best_effort_idle,2,128,102.609872,True
best_effort_idle,2,129,99.683598,True
best_effort_idle,2,130,99.666249,True
best_effort_idle,2,131,99.938796,True
best_effort_idle,2,132,99.672411,True
best_effort_idle,2,133,97.511658,True
best_effort_idle,2,134,101.356639,True
best_effort_idle,2,135,100.797121,True
best_effort_idle,2,136,100.183044,True
best_effort_idle,2,137,99.363543,True
best_effort_idle,2,138,99.672110,True
best_effort_idle,2,139,97.768522,True
best_effort_idle,2,140,101.923480,True
best_effort_idle,2,141,100.028665,True
best_effort_idle,2,142,99.675978,True
best_effort_idle,2,143,97.590025,True
best_effort_idle,2,144,102.056811,True
best_effort_idle,2,145,99.778540,True
best_effort_idle,2,146,100.159200,True
best_effort_idle,2,147,99.421992,True
best_effort_idle,2,148,99.899610,True
best_effort_idle,2,149,99.790591,True
best_effort_idle,2,150,99.701580,True
best_effort_idle,2,151,100.026445,True
best_effort_idle,2,152,97.502952,True
best_effort_idle,2,153,99.650124,True
best_effort_idle,2,154,100.147959,True
best_effort_idle,2,155,102.141020,True
best_effort_idle,2,156,99.837965,True
best_effort_idle,2,157,100.039514,True
best_effort_idle,2,158,99.653053,True
best_effort_idle,2,159,99.584148,True
best_effort_idle,2,160,99.886830,True
best_effort_idle,2,161,99.917631,True
best_effort_idle,2,162,98.133605,True
best_effort_idle,2,163,99.246620,True
best_effort_idle,2,164,102.116911,True
best_effort_idle,2,165,98.922217,True
best_effort_idle,2,166,100.880824,True
best_effort_idle,2,167,99.572662,True
best_effort_idle,2,168,99.786299,True
best_effort_idle,2,169,99.998885,True
best_effort_idle,2,170,99.673351,True
best_effort_idle,2,171,99.955837,True
best_effort_idle,2,172,99.574998,True
best_effort_idle,2,173,97.540147,True
best_effort_idle,2,174,102.208066,True
best_effort_idle,2,175,99.819072,True
best_effort_idle,2,176,100.199283,True
best_effort_idle,2,177,99.529487,True
best_effort_idle,2,178,99.648433,True
best_effort_idle,2,179,99.792787,True
best_effort_idle,2,180,99.752220,True
best_effort_idle,2,181,100.234036,True
best_effort_idle,2,182,99.385758,True
best_effort_idle,2,183,97.625395,True
best_effort_idle,2,184,100.682614,True
best_effort_idle,2,185,101.311088,True
best_effort_idle,2,186,99.934400,True
best_effort_idle,2,187,99.663764,True
best_effort_idle,2,188,99.789751,True
best_effort_idle,2,189,99.789700,True
best_effort_idle,2,190,97.797306,True
best_effort_idle,2,191,102.181017,True
best_effort_idle,2,192,99.113557,True
best_effort_idle,2,193,98.023540,True
best_effort_idle,2,194,100.956542,True
best_effort_idle,2,195,101.107596,True
best_effort_idle,2,196,100.011912,True
best_effort_idle,2,197,99.600619,True
best_effort_idle,2,198,99.741908,True
best_effort_idle,2,199,99.763872,True
best_effort_idle,2,200,99.800431,True
best_effort_idle,2,201,99.966052,True
best_effort_idle,2,202,97.766306,True
best_effort_idle,2,203,99.725012,True
best_effort_idle,2,204,101.968138,True
best_effort_idle,2,205,98.539890,True
best_effort_idle,2,206,98.886571,True
best_effort_idle,2,207,102.283614,True
best_effort_idle,2,208,99.756024,True
best_effort_idle,2,209,99.756944,True
best_effort_idle,2,210,99.842786,True
best_effort_idle,2,211,99.356994,True
best_effort_idle,2,212,100.206405,True
best_effort_idle,2,213,97.795666,True
best_effort_idle,2,214,101.947459,True
best_effort_idle,2,215,99.781612,True
best_effort_idle,2,216,99.971746,True
best_effort_idle,2,217,99.754023,True
best_effort_idle,2,218,99.681742,True
best_effort_idle,2,219,99.821887,True
best_effort_idle,2,220,100.103848,True
best_effort_idle,2,221,99.736284,True
best_effort_idle,2,222,99.467352,True
best_effort_idle,2,223,97.591328,True
best_effort_idle,2,224,102.154905,True
best_effort_idle,2,225,99.950685,True
best_effort_idle,2,226,97.745255,True
best_effort_idle,2,227,101.813945,True
best_effort_idle,2,228,97.712047,True
best_effort_idle,2,229,102.105733,True
best_effort_idle,2,230,99.899262,True
best_effort_idle,2,231,99.889567,True
best_effort_idle,2,232,99.220390,True
best_effort_idle,2,233,97.948426,True
best_effort_idle,2,234,102.056285,True
best_effort_idle,2,235,99.857169,True
best_effort_idle,2,236,97.826800,True
best_effort_idle,2,237,100.962904,True
best_effort_idle,2,238,100.806914,True
best_effort_idle,2,239,98.492402,True
best_effort_idle,2,240,101.196970,True
best_effort_idle,2,241,100.009801,True
best_effort_idle,2,242,99.602535,True
best_effort_idle,2,243,97.666584,True
best_effort_idle,2,244,102.207062,True
best_effort_idle,2,245,97.897382,True
best_effort_idle,2,246,101.730740,True
best_effort_idle,2,247,99.760019,True
best_effort_idle,2,248,99.868812,True
best_effort_idle,2,249,99.742788,True
best_effort_idle,2,250,99.807567,True
best_effort_idle,2,251,100.264772,True
best_effort_idle,2,252,99.284894,True
best_effort_idle,2,253,97.634722,True
best_effort_idle,2,254,100.281513,True
best_effort_idle,2,255,101.762013,True
best_effort_idle,2,256,100.077005,True
best_effort_idle,2,257,99.552581,True
best_effort_idle,2,258,97.875181,True
best_effort_idle,2,259,101.963770,True
best_effort_idle,2,260,99.771159,True
best_effort_idle,2,261,99.814058,True
best_effort_idle,2,262,99.655551,True
best_effort_idle,2,263,97.705165,True
best_effort_idle,2,264,99.915336,True
best_effort_idle,2,265,102.097697,True
best_effort_idle,2,266,100.142104,True
best_effort_idle,2,267,99.468928,True
best_effort_idle,2,268,99.779708,True
best_effort_idle,2,269,99.830085,True
best_effort_idle,2,270,99.791569,True
best_effort_idle,2,271,100.262378,True
best_effort_idle,2,272,99.229624,True
best_effort_idle,2,273,97.685904,True
best_effort_idle,2,274,100.722727,True
best_effort_idle,2,275,99.630088,True
best_effort_idle,2,276,101.841766,True
best_effort_idle,2,277,99.513278,True
best_effort_idle,2,278,99.835904,True
best_effort_idle,2,279,97.835010,True
best_effort_idle,2,280,102.185374,True
best_effort_idle,2,281,97.324190,True
best_effort_idle,2,282,101.937328,True
best_effort_idle,2,283,97.870993,True
best_effort_idle,2,284,102.184118,True
best_effort_idle,2,285,99.902491,True
best_effort_idle,2,286,99.830373,True
best_effort_idle,2,287,99.512036,True
best_effort_idle,2,288,99.841754,True
best_effort_idle,2,289,99.753225,True
best_effort_idle,2,290,99.793583,True
best_effort_idle,2,291,99.983229,True
best_effort_idle,2,292,99.572310,True
best_effort_idle,2,293,97.612009,True
best_effort_idle,2,294,100.198628,True
best_effort_idle,2,295,101.892747,True
best_effort_idle,2,296,99.461314,True
best_effort_idle,2,297,100.154508,True
best_effort_idle,2,298,97.415685,True
best_effort_idle,2,299,102.290510,True
best_effort_idle,2,300,99.790881,True
best_effort_idle,2,301,100.164062,True
best_effort_idle,2,302,97.836653,True
best_effort_idle,2,303,99.331680,True
best_effort_idle,2,304,100.880970,True
best_effort_idle,2,305,101.115152,True
best_effort_idle,2,306,100.258685,True
best_effort_idle,2,307,97.197553,True
best_effort_idle,2,308,102.097747,True
best_effort_idle,2,309,99.839271,True
best_effort_idle,2,310,100.038555,True
best_effort_idle,2,311,99.825440,True
best_effort_idle,2,312,99.816206,True
best_effort_idle,2,313,97.289306,True
best_effort_idle,2,314,102.377542,True
best_effort_idle,2,315,99.820268,True
best_effort_idle,2,316,97.760201,True
best_effort_idle,2,317,101.753612,True
best_effort_idle,2,318,99.914621,True
best_effort_idle,2,319,97.608193,True
best_effort_idle,2,320,101.879492,True
best_effort_idle,2,321,100.114430,True
best_effort_idle,2,322,99.656281,True
best_effort_idle,2,323,97.439393,True
best_effort_idle,2,324,100.360854,True
best_effort_idle,2,325,101.961680,True
best_effort_idle,2,326,100.057943,True
best_effort_idle,2,327,97.463523,True
best_effort_idle,2,328,101.716859,True
best_effort_idle,2,329,100.005350,True
best_effort_idle,2,330,99.827010,True
best_effort_idle,2,331,99.776809,True
best_effort_idle,2,332,99.810317,True
best_effort_idle,2,333,97.152126,True
best_effort_idle,2,334,100.995613,True
best_effort_idle,2,335,101.140549,True
best_effort_idle,2,336,100.278025,True
best_effort_idle,2,337,99.634790,True
best_effort_idle,2,338,98.088683,True
best_effort_idle,2,339,101.381781,True
best_effort_idle,2,340,97.881151,True
best_effort_idle,2,341,102.173530,True
best_effort_idle,2,342,98.477207,True
best_effort_idle,2,343,98.633175,True
best_effort_idle,2,344,100.407274,True
best_effort_idle,2,345,101.096049,True
best_effort_idle,2,346,100.531014,True
best_effort_idle,2,347,99.764143,True
best_effort_idle,2,348,99.560351,True
best_effort_idle,2,349,100.022405,True
best_effort_idle,2,350,99.527316,True
best_effort_idle,2,351,100.088144,True
best_effort_idle,2,352,99.520590,True
best_effort_idle,2,353,97.729127,True
best_effort_idle,2,354,102.017214,True
best_effort_idle,2,355,97.876367,True
best_effort_idle,2,356,102.146767,True
best_effort_idle,2,357,97.426200,True
best_effort_idle,2,358,102.260859,True
best_effort_idle,2,359,99.505042,True
best_effort_idle,2,360,99.845142,True
best_effort_idle,2,361,99.848071,True
best_effort_idle,2,362,99.858305,True
best_effort_idle,2,363,97.597044,True
best_effort_idle,2,364,102.089530,True
best_effort_idle,2,365,99.720305,True
best_effort_idle,2,366,100.058080,True
best_effort_idle,2,367,99.509208,True
best_effort_idle,2,368,100.085103,True
best_effort_idle,2,369,99.828676,True
best_effort_idle,2,370,99.100828,True
best_effort_idle,2,371,100.404896,True
best_effort_idle,2,372,97.835603,True
best_effort_idle,2,373,99.562835,True
best_effort_idle,2,374,99.701935,True
best_effort_idle,2,375,101.202427,True
best_effort_idle,2,376,98.964450,True
best_effort_idle,2,377,101.868714,True
best_effort_idle,2,378,99.854023,True
best_effort_idle,2,379,99.909732,True
best_effort_idle,2,380,99.206965,True
best_effort_idle,2,381,100.667485,True
best_effort_idle,2,382,99.705589,True
best_effort_idle,2,383,97.285099,True
best_effort_idle,2,384,102.151944,True
best_effort_idle,2,385,100.086247,True
best_effort_idle,2,386,99.755204,True
best_effort_idle,2,387,98.468208,True
best_effort_idle,2,388,100.866501,True
best_effort_idle,2,389,100.208980,True
best_effort_idle,2,390,99.527055,True
best_effort_idle,2,391,99.982907,True
best_effort_idle,2,392,99.482547,True
best_effort_idle,2,393,97.630721,True
best_effort_idle,2,394,102.339538,True
best_effort_idle,2,395,97.376303,True
best_effort_idle,2,396,102.437389,True
best_effort_idle,2,397,99.482034,True
best_effort_idle,2,398,99.741475,True
best_effort_idle,2,399,99.786480,True
best_effort_idle,2,400,99.778478,True
best_effort_idle,2,401,100.059145,True
best_effort_idle,2,402,99.292143,True
best_effort_idle,2,403,97.928647,True
best_effort_idle,2,404,100.534284,True
best_effort_idle,2,405,101.819529,True
best_effort_idle,2,406,99.709218,True
best_effort_idle,2,407,99.551967,True
best_effort_idle,2,408,99.724999,True
best_effort_idle,2,409,99.861368,True
best_effort_idle,2,410,98.250643,True
best_effort_idle,2,411,101.730720,True
best_effort_idle,2,412,99.477271,True
best_effort_idle,2,413,97.661244,True
best_effort_idle,2,414,102.079066,True
best_effort_idle,2,415,99.844912,True
best_effort_idle,2,416,99.954971,True
best_effort_idle,2,417,97.752127,True
best_effort_idle,2,418,101.793182,True
best_effort_idle,2,419,99.896396,True
best_effort_idle,2,420,99.659832,True
best_effort_idle,2,421,100.047486,True
best_effort_idle,2,422,99.528507,True
best_effort_idle,2,423,97.556029,True
best_effort_idle,2,424,102.301848,True
best_effort_idle,2,425,99.674589,True
best_effort_idle,2,426,100.088739,True
best_effort_idle,2,427,97.356934,True
best_effort_idle,2,428,102.124779,True
best_effort_idle,2,429,97.687082,True
best_effort_idle,2,430,102.029694,True
best_effort_idle,2,431,99.887873,True
best_effort_idle,2,432,99.871536,True
best_effort_idle,2,433,97.471237,True
best_effort_idle,2,434,102.136023,True
best_effort_idle,2,435,99.853717,True
best_effort_idle,2,436,100.352773,True
best_effort_idle,2,437,98.760712,True
best_effort_idle,2,438,98.402523,True
best_effort_idle,2,439,101.816528,True
best_effort_idle,2,440,99.856825,True
best_effort_idle,2,441,99.956619,True
best_effort_idle,2,442,99.528556,True
best_effort_idle,2,443,97.646234,True
best_effort_idle,2,444,102.173703,True
best_effort_idle,2,445,99.732194,True
best_effort_idle,2,446,100.032273,True
best_effort_idle,2,447,99.517043,True
best_effort_idle,2,448,98.120847,True
best_effort_idle,2,449,101.742335,True
best_effort_idle,2,450,99.659126,True
best_effort_idle,2,451,100.061993,True
best_effort_idle,2,452,99.207319,True
best_effort_idle,2,453,98.025368,True
best_effort_idle,2,454,99.937288,True
best_effort_idle,2,455,101.668739,True
best_effort_idle,2,456,100.457313,True
best_effort_idle,2,457,99.633395,True
best_effort_idle,2,458,99.975913,True
best_effort_idle,2,459,99.494695,True
best_effort_idle,2,460,99.894209,True
best_effort_idle,2,461,98.802858,True
best_effort_idle,2,462,100.146839,True
best_effort_idle,2,463,98.327637,True
best_effort_idle,2,464,102.089670,True
best_effort_idle,2,465,99.865488,True
best_effort_idle,2,466,99.990774,True
best_effort_idle,2,467,97.374120,True
best_effort_idle,2,468,102.113171,True
best_effort_idle,2,469,97.915923,True
best_effort_idle,2,470,101.796526,True
best_effort_idle,2,471,100.089411,True
best_effort_idle,2,472,99.088172,True
best_effort_idle,2,473,98.121469,True
best_effort_idle,2,474,100.624379,True
best_effort_idle,2,475,101.353059,True
best_effort_idle,2,476,99.659948,True
best_effort_idle,2,477,100.040805,True
best_effort_idle,2,478,97.923194,True
best_effort_idle,2,479,100.370171,True
best_effort_idle,2,480,101.496849,True
best_effort_idle,2,481,99.869750,True
best_effort_idle,2,482,98.509323,True
best_effort_idle,2,483,98.431175,True
best_effort_idle,2,484,102.275905,True
best_effort_idle,2,485,99.809662,True
best_effort_idle,2,486,98.089288,True
best_effort_idle,2,487,101.601408,True
best_effort_idle,2,488,99.862574,True
best_effort_idle,2,489,98.215548,True
best_effort_idle,2,490,99.699226,True
best_effort_idle,2,491,101.879839,True
best_effort_idle,2,492,97.426630,True
best_effort_idle,2,493,99.948661,True
best_effort_idle,2,494,102.097466,True
best_effort_idle,2,495,99.804928,True
best_effort_idle,2,496,99.866487,True
best_effort_idle,2,497,99.712741,True
best_effort_idle,2,498,99.850892,True
best_effort_idle,2,499,99.710517,True
best_effort_idle,2,500,99.846723,True
best_effort_idle,2,501,100.067390,True
best_effort_idle,2,502,99.792837,True
best_effort_idle,2,503,97.361013,True
best_effort_idle,2,504,102.101854,True
best_effort_idle,2,505,99.793610,True
best_effort_idle,2,506,98.604446,True
best_effort_idle,2,507,101.035455,True
best_effort_idle,2,508,100.160046,True
best_effort_idle,2,509,99.542368,True
best_effort_idle,2,510,100.027427,True
best_effort_idle,2,511,98.719387,True
best_effort_idle,2,512,99.987237,True
best_effort_idle,2,513,98.336748,True
best_effort_idle,2,514,102.147619,True
best_effort_idle,2,515,99.831242,True
best_effort_idle,2,516,100.012465,True
best_effort_idle,2,517,97.522543,True
best_effort_idle,2,518,102.101206,True
best_effort_idle,2,519,98.272717,True
best_effort_idle,2,520,101.225397,True
best_effort_idle,2,521,99.923547,True
best_effort_idle,2,522,98.256495,True
best_effort_idle,2,523,99.098929,True
best_effort_idle,2,524,100.777025,True
best_effort_idle,2,525,101.205442,True
best_effort_idle,2,526,100.055383,True
best_effort_idle,2,527,99.484114,True
best_effort_idle,2,528,98.058117,True
best_effort_idle,2,529,101.666329,True
best_effort_idle,2,530,97.875571,True
best_effort_idle,2,531,102.102345,True
best_effort_idle,2,532,99.099536,True
best_effort_idle,2,533,98.167027,True
best_effort_idle,2,534,102.012260,True
best_effort_idle,2,535,99.859478,True
best_effort_idle,2,536,99.990173,True
best_effort_idle,2,537,99.533902,True
best_effort_idle,2,538,97.835764,True
best_effort_idle,2,539,101.428329,True
best_effort_idle,2,540,100.529561,True
best_effort_idle,2,541,99.797770,True
best_effort_idle,2,542,98.548294,True
best_effort_idle,2,543,98.646691,True
best_effort_idle,2,544,101.092893,True
best_effort_idle,2,545,100.951041,True
best_effort_idle,2,546,100.081779,True
best_effort_idle,2,547,97.334775,True
best_effort_idle,2,548,102.077854,True
best_effort_idle,2,549,99.847506,True
best_effort_idle,2,550,99.779248,True
best_effort_idle,2,551,100.037474,True
best_effort_idle,2,552,99.553982,True
best_effort_idle,2,553,97.613228,True
best_effort_idle,2,554,100.000590,True
best_effort_idle,2,555,101.596249,True
best_effort_idle,2,556,100.506851,True
best_effort_idle,2,557,99.525141,True
best_effort_idle,2,558,98.671746,True
best_effort_idle,2,559,101.279120,True
best_effort_idle,2,560,99.669690,True
best_effort_idle,2,561,99.650581,True
best_effort_idle,2,562,99.748174,True
best_effort_idle,2,563,97.651259,True
best_effort_idle,2,564,100.126589,True
best_effort_idle,2,565,102.186125,True
best_effort_idle,2,566,99.577999,True
best_effort_idle,2,567,99.786510,True
best_effort_idle,2,568,99.839819,True
best_effort_idle,2,569,99.680257,True
best_effort_idle,2,570,99.814365,True
best_effort_idle,2,571,99.853755,True
best_effort_idle,2,572,99.740107,True
best_effort_idle,2,573,97.655802,True
best_effort_idle,2,574,99.855542,True
best_effort_idle,2,575,102.258762,True
best_effort_idle,2,576,99.980485,True
best_effort_idle,2,577,99.606021,True
best_effort_idle,2,578,99.698826,True
best_effort_idle,2,579,99.801353,True
best_effort_idle,2,580,99.849575,True
best_effort_idle,2,581,100.007883,True
best_effort_idle,2,582,97.811171,True
best_effort_idle,2,583,99.385351,True
best_effort_idle,2,584,101.841198,True
best_effort_idle,2,585,100.478313,True
best_effort_idle,2,586,99.814179,True
best_effort_idle,2,587,98.946299,True
best_effort_idle,2,588,100.266389,True
best_effort_idle,2,589,97.777287,True
best_effort_idle,2,590,101.942537,True
best_effort_idle,2,591,97.531754,True
best_effort_idle,2,592,102.219496,True
best_effort_idle,2,593,97.450267,True
best_effort_idle,2,594,102.383068,True
best_effort_idle,2,595,99.703530,True
best_effort_idle,2,596,100.030437,True
best_effort_idle,2,597,99.836781,True
best_effort_idle,2,598,99.506495,True
best_effort_idle,2,599,98.315963,True
best_effort_idle,3,0,93.433132,True
best_effort_idle,3,1,98.319596,True
best_effort_idle,3,2,102.330824,True
best_effort_idle,3,3,99.771079,True
best_effort_idle,3,4,99.832685,True
best_effort_idle,3,5,99.775730,True
best_effort_idle,3,6,99.790493,True
best_effort_idle,3,7,99.868113,True
best_effort_idle,3,8,99.175829,True
best_effort_idle,3,9,99.084602,True
best_effort_idle,3,10,101.163621,True
best_effort_idle,3,11,99.779609,True
best_effort_idle,3,12,97.768859,True
best_effort_idle,3,13,99.751959,True
best_effort_idle,3,14,102.141550,True
best_effort_idle,3,15,97.409408,True
best_effort_idle,3,16,102.257405,True
best_effort_idle,3,17,97.559909,True
best_effort_idle,3,18,100.363164,True
best_effort_idle,3,19,101.703989,True
best_effort_idle,3,20,100.014656,True
best_effort_idle,3,21,99.607060,True
best_effort_idle,3,22,98.477410,True
best_effort_idle,3,23,101.276628,True
best_effort_idle,3,24,99.692909,True
best_effort_idle,3,25,100.002391,True
best_effort_idle,3,26,97.439630,True
best_effort_idle,3,27,99.810942,True
best_effort_idle,3,28,100.870185,True
best_effort_idle,3,29,101.276294,True
best_effort_idle,3,30,97.748542,True
best_effort_idle,3,31,101.985416,True
best_effort_idle,3,32,99.788098,True
best_effort_idle,3,33,99.680655,True
best_effort_idle,3,34,99.889698,True
best_effort_idle,3,35,99.776127,True
best_effort_idle,3,36,97.728862,True
best_effort_idle,3,37,99.728529,True
best_effort_idle,3,38,102.255852,True
best_effort_idle,3,39,99.736700,True
best_effort_idle,3,40,99.903811,True
best_effort_idle,3,41,98.299168,True
best_effort_idle,3,42,101.256625,True
best_effort_idle,3,43,99.821069,True
best_effort_idle,3,44,99.799098,True
best_effort_idle,3,45,99.764778,True
best_effort_idle,3,46,99.760321,True
best_effort_idle,3,47,97.561307,True
best_effort_idle,3,48,102.171754,True
best_effort_idle,3,49,97.712690,True
best_effort_idle,3,50,102.131809,True
best_effort_idle,3,51,99.801086,True
best_effort_idle,3,52,99.302408,True
best_effort_idle,3,53,100.230156,True
best_effort_idle,3,54,99.875137,True
best_effort_idle,3,55,99.183897,True
best_effort_idle,3,56,100.136866,True
best_effort_idle,3,57,97.885000,True
best_effort_idle,3,58,101.913482,True
best_effort_idle,3,59,99.787365,True
best_effort_idle,3,60,99.770817,True
best_effort_idle,3,61,99.900056,True
best_effort_idle,3,62,99.715333,True
best_effort_idle,3,63,99.684526,True
best_effort_idle,3,64,99.854234,True
best_effort_idle,3,65,99.750323,True
best_effort_idle,3,66,98.359885,True
best_effort_idle,3,67,99.150485,True
best_effort_idle,3,68,99.713268,True
best_effort_idle,3,69,101.048816,True
best_effort_idle,3,70,98.920034,True
best_effort_idle,3,71,102.291863,True
best_effort_idle,3,72,99.756400,True
best_effort_idle,3,73,99.993298,True
best_effort_idle,3,74,99.886099,True
best_effort_idle,3,75,99.822851,True
best_effort_idle,3,76,97.669413,True
best_effort_idle,3,77,99.418313,True
best_effort_idle,3,78,102.125316,True
best_effort_idle,3,79,99.832648,True
best_effort_idle,3,80,100.123526,True
best_effort_idle,3,81,99.483054,True
best_effort_idle,3,82,99.892767,True
best_effort_idle,3,83,99.751692,True
best_effort_idle,3,84,99.665693,True
best_effort_idle,3,85,99.777078,True
best_effort_idle,3,86,99.900670,True
best_effort_idle,3,87,97.376482,True
best_effort_idle,3,88,101.274789,True
best_effort_idle,3,89,100.805901,True
best_effort_idle,3,90,99.787871,True
best_effort_idle,3,91,100.092278,True
best_effort_idle,3,92,99.497618,True
best_effort_idle,3,93,99.819407,True
best_effort_idle,3,94,99.727302,True
best_effort_idle,3,95,100.164812,True
best_effort_idle,3,96,99.796083,True
best_effort_idle,3,97,97.228238,True
best_effort_idle,3,98,102.270100,True
best_effort_idle,3,99,99.784181,True
best_effort_idle,3,100,97.856059,True
best_effort_idle,3,101,101.792426,True
best_effort_idle,3,102,97.737734,True
best_effort_idle,3,103,101.172974,True
best_effort_idle,3,104,100.585798,True
best_effort_idle,3,105,99.765764,True
best_effort_idle,3,106,99.722970,True
best_effort_idle,3,107,97.597407,True
best_effort_idle,3,108,100.567913,True
best_effort_idle,3,109,101.662014,True
best_effort_idle,3,110,99.655637,True
best_effort_idle,3,111,99.822266,True
best_effort_idle,3,112,100.008457,True
best_effort_idle,3,113,97.549514,True
best_effort_idle,3,114,101.920653,True
best_effort_idle,3,115,99.767941,True
best_effort_idle,3,116,100.132058,True
best_effort_idle,3,117,97.169509,True
best_effort_idle,3,118,102.223076,True
best_effort_idle,3,119,97.703690,True
best_effort_idle,3,120,102.356669,True
best_effort_idle,3,121,97.114725,True
best_effort_idle,3,122,102.296776,True
best_effort_idle,3,123,99.745737,True
best_effort_idle,3,124,100.068178,True
best_effort_idle,3,125,99.521548,True
best_effort_idle,3,126,99.819475,True
best_effort_idle,3,127,97.468981,True
best_effort_idle,3,128,100.635953,True
best_effort_idle,3,129,101.424336,True
best_effort_idle,3,130,99.930183,True
best_effort_idle,3,131,99.772634,True
best_effort_idle,3,132,100.017621,True
best_effort_idle,3,133,99.660467,True
best_effort_idle,3,134,99.632527,True
best_effort_idle,3,135,99.859515,True
best_effort_idle,3,136,99.307823,True
best_effort_idle,3,137,98.023780,True
best_effort_idle,3,138,100.606816,True
best_effort_idle,3,139,101.058575,True
best_effort_idle,3,140,98.279264,True
best_effort_idle,3,141,100.455527,True
best_effort_idle,3,142,101.300899,True
best_effort_idle,3,143,99.832311,True
best_effort_idle,3,144,99.885247,True
best_effort_idle,3,145,99.699994,True
best_effort_idle,3,146,97.676517,True
best_effort_idle,3,147,99.671659,True
best_effort_idle,3,148,100.193997,True
best_effort_idle,3,149,102.068844,True
best_effort_idle,3,150,99.947956,True
best_effort_idle,3,151,99.675474,True
best_effort_idle,3,152,99.795663,True
best_effort_idle,3,153,99.727936,True
best_effort_idle,3,154,99.844920,True
best_effort_idle,3,155,98.401838,True
best_effort_idle,3,156,99.322917,True
best_effort_idle,3,157,99.838355,True
best_effort_idle,3,158,102.037900,True
best_effort_idle,3,159,100.081826,True
best_effort_idle,3,160,99.584287,True
best_effort_idle,3,161,97.326296,True
best_effort_idle,3,162,104.944969,True
best_effort_idle,3,163,97.427780,True
best_effort_idle,3,164,97.630048,True
best_effort_idle,3,165,102.040160,True
best_effort_idle,3,166,99.589102,True
best_effort_idle,3,167,97.621562,True
best_effort_idle,3,168,102.074311,True
best_effort_idle,3,169,99.784744,True
best_effort_idle,3,170,100.217841,True
best_effort_idle,3,171,99.778229,True
best_effort_idle,3,172,99.421192,True
best_effort_idle,3,173,97.759415,True
best_effort_idle,3,174,101.923747,True
best_effort_idle,3,175,100.048149,True
best_effort_idle,3,176,98.574725,True
best_effort_idle,3,177,98.726301,True
best_effort_idle,3,178,100.361138,True
best_effort_idle,3,179,101.710490,True
best_effort_idle,3,180,100.288375,True
best_effort_idle,3,181,99.281489,True
best_effort_idle,3,182,99.837817,True
best_effort_idle,3,183,99.743232,True
best_effort_idle,3,184,97.813007,True
best_effort_idle,3,185,102.407584,True
best_effort_idle,3,186,99.309221,True
best_effort_idle,3,187,97.543840,True
best_effort_idle,3,188,100.614727,True
best_effort_idle,3,189,101.414268,True
best_effort_idle,3,190,99.951638,True
best_effort_idle,3,191,99.975558,True
best_effort_idle,3,192,99.611605,True
best_effort_idle,3,193,99.636739,True
best_effort_idle,3,194,99.838583,True
best_effort_idle,3,195,100.222133,True
best_effort_idle,3,196,99.427977,True
best_effort_idle,3,197,97.461916,True
best_effort_idle,3,198,101.253875,True
best_effort_idle,3,199,101.060172,True
best_effort_idle,3,200,99.729127,True
best_effort_idle,3,201,97.563404,True
best_effort_idle,3,202,101.884478,True
best_effort_idle,3,203,99.986990,True
best_effort_idle,3,204,99.682551,True
best_effort_idle,3,205,100.336242,True
best_effort_idle,3,206,99.280094,True
best_effort_idle,3,207,97.708165,True
best_effort_idle,3,208,100.102594,True
best_effort_idle,3,209,101.918410,True
best_effort_idle,3,210,99.899168,True
best_effort_idle,3,211,99.856301,True
best_effort_idle,3,212,99.750433,True
best_effort_idle,3,213,99.650856,True
best_effort_idle,3,214,99.677287,True
best_effort_idle,3,215,100.085697,True
best_effort_idle,3,216,99.544887,True
best_effort_idle,3,217,97.599374,True
best_effort_idle,3,218,102.166665,True
best_effort_idle,3,219,99.743676,True
best_effort_idle,3,220,99.965432,True
best_effort_idle,3,221,97.274205,True
best_effort_idle,3,222,102.547281,True
best_effort_idle,3,223,99.633626,True
best_effort_idle,3,224,99.800639,True
best_effort_idle,3,225,100.162224,True
best_effort_idle,3,226,99.318616,True
best_effort_idle,3,227,97.573800,True
best_effort_idle,3,228,100.454885,True
best_effort_idle,3,229,101.642586,True
best_effort_idle,3,230,100.024550,True
best_effort_idle,3,231,99.649520,True
best_effort_idle,3,232,99.644116,True
best_effort_idle,3,233,99.907368,True
best_effort_idle,3,234,98.821981,True
best_effort_idle,3,235,99.056178,True
best_effort_idle,3,236,101.600110,True
best_effort_idle,3,237,97.648102,True
best_effort_idle,3,238,102.059771,True
best_effort_idle,3,239,99.887873,True
best_effort_idle,3,240,100.008480,True
best_effort_idle,3,241,99.480042,True
best_effort_idle,3,242,100.227551,True
best_effort_idle,3,243,99.442156,True
best_effort_idle,3,244,99.765188,True
best_effort_idle,3,245,100.339261,True
best_effort_idle,3,246,99.349809,True
best_effort_idle,3,247,97.543682,True
best_effort_idle,3,248,102.384662,True
best_effort_idle,3,249,99.823063,True
best_effort_idle,3,250,99.856394,True
best_effort_idle,3,251,99.639886,True
best_effort_idle,3,252,99.768423,True
best_effort_idle,3,253,99.564674,True
best_effort_idle,3,254,99.817046,True
best_effort_idle,3,255,100.341730,True
best_effort_idle,3,256,99.347856,True
best_effort_idle,3,257,97.460948,True
best_effort_idle,3,258,100.226420,True
best_effort_idle,3,259,101.826762,True
best_effort_idle,3,260,100.067997,True
best_effort_idle,3,261,99.523519,True
best_effort_idle,3,262,99.822764,True
best_effort_idle,3,263,99.782597,True
best_effort_idle,3,264,100.082659,True
best_effort_idle,3,265,100.036909,True
best_effort_idle,3,266,98.019255,True
best_effort_idle,3,267,99.011850,True
best_effort_idle,3,268,102.042503,True
best_effort_idle,3,269,99.838836,True
best_effort_idle,3,270,100.028055,True
best_effort_idle,3,271,99.544606,True
best_effort_idle,3,272,99.836016,True
best_effort_idle,3,273,99.863663,True
best_effort_idle,3,274,99.877516,True
best_effort_idle,3,275,100.134285,True
best_effort_idle,3,276,98.567926,True
best_effort_idle,3,277,98.329989,True
best_effort_idle,3,278,102.277545,True
best_effort_idle,3,279,99.750359,True
best_effort_idle,3,280,100.158645,True
best_effort_idle,3,281,99.478208,True
best_effort_idle,3,282,99.700111,True
best_effort_idle,3,283,99.935791,True
best_effort_idle,3,284,99.679681,True
best_effort_idle,3,285,100.018019,True
best_effort_idle,3,286,99.832414,True
best_effort_idle,3,287,97.250300,True
best_effort_idle,3,288,100.310513,True
best_effort_idle,3,289,101.894571,True
best_effort_idle,3,290,98.220678,True
best_effort_idle,3,291,101.359915,True
best_effort_idle,3,292,99.831997,True
best_effort_idle,3,293,99.759359,True
best_effort_idle,3,294,99.843859,True
best_effort_idle,3,295,99.928403,True
best_effort_idle,3,296,99.708261,True
best_effort_idle,3,297,97.555764,True
best_effort_idle,3,298,100.113672,True
best_effort_idle,3,299,101.531383,True
best_effort_idle,3,300,100.518942,True
best_effort_idle,3,301,97.535238,True
best_effort_idle,3,302,101.864865,True
best_effort_idle,3,303,99.829237,True
best_effort_idle,3,304,99.334064,True
best_effort_idle,3,305,100.525748,True
best_effort_idle,3,306,99.482677,True
best_effort_idle,3,307,97.580896,True
best_effort_idle,3,308,100.613302,True
best_effort_idle,3,309,101.817573,True
best_effort_idle,3,310,99.642745,True
best_effort_idle,3,311,99.536580,True
best_effort_idle,3,312,99.825127,True
best_effort_idle,3,313,99.768390,True
best_effort_idle,3,314,99.313399,True
best_effort_idle,3,315,100.337578,True
best_effort_idle,3,316,99.770690,True
best_effort_idle,3,317,97.662548,True
best_effort_idle,3,318,102.121288,True
best_effort_idle,3,319,99.801349,True
best_effort_idle,3,320,99.918951,True
best_effort_idle,3,321,99.653883,True
best_effort_idle,3,322,99.823102,True
best_effort_idle,3,323,98.081515,True
best_effort_idle,3,324,101.624878,True
best_effort_idle,3,325,100.147636,True
best_effort_idle,3,326,98.627842,True
best_effort_idle,3,327,98.477220,True
best_effort_idle,3,328,100.920013,True
best_effort_idle,3,329,101.377512,True
best_effort_idle,3,330,99.026171,True
best_effort_idle,3,331,100.206863,True
best_effort_idle,3,332,98.150268,True
best_effort_idle,3,333,101.609136,True
best_effort_idle,3,334,99.827794,True
best_effort_idle,3,335,100.084824,True
best_effort_idle,3,336,98.571729,True
best_effort_idle,3,337,98.579668,True
best_effort_idle,3,338,102.051505,True
best_effort_idle,3,339,99.366072,True
best_effort_idle,3,340,101.029753,True
best_effort_idle,3,341,99.137619,True
best_effort_idle,3,342,99.744229,True
best_effort_idle,3,343,100.013062,True
best_effort_idle,3,344,99.549432,True
best_effort_idle,3,345,99.980546,True
best_effort_idle,3,346,99.613524,True
best_effort_idle,3,347,97.686430,True
best_effort_idle,3,348,99.826891,True
best_effort_idle,3,349,102.413936,True
best_effort_idle,3,350,99.993942,True
best_effort_idle,3,351,98.848542,True
best_effort_idle,3,352,100.270497,True
best_effort_idle,3,353,99.732971,True
best_effort_idle,3,354,99.108579,True
best_effort_idle,3,355,100.788664,True
best_effort_idle,3,356,99.903957,True
best_effort_idle,3,357,97.264032,True
best_effort_idle,3,358,102.113679,True
best_effort_idle,3,359,100.073937,True
best_effort_idle,3,360,99.730071,True
best_effort_idle,3,361,97.317579,True
best_effort_idle,3,362,102.233749,True
best_effort_idle,3,363,99.879741,True
best_effort_idle,3,364,99.957705,True
best_effort_idle,3,365,99.635438,True
best_effort_idle,3,366,99.681258,True
best_effort_idle,3,367,97.711260,True
best_effort_idle,3,368,99.655954,True
best_effort_idle,3,369,100.278502,True
best_effort_idle,3,370,102.220180,True
best_effort_idle,3,371,99.579427,True
best_effort_idle,3,372,99.781691,True
best_effort_idle,3,373,99.830499,True
best_effort_idle,3,374,98.872258,True
best_effort_idle,3,375,101.340844,True
best_effort_idle,3,376,99.652197,True
best_effort_idle,3,377,97.383233,True
best_effort_idle,3,378,100.231811,True
best_effort_idle,3,379,101.668800,True
best_effort_idle,3,380,100.194524,True
best_effort_idle,3,381,96.955594,True
best_effort_idle,3,382,100.629201,True
best_effort_idle,3,383,101.651130,True
best_effort_idle,3,384,99.761251,True
best_effort_idle,3,385,100.216203,True
best_effort_idle,3,386,97.230365,True
best_effort_idle,3,387,99.916931,True
best_effort_idle,3,388,100.853169,True
best_effort_idle,3,389,101.195193,True
best_effort_idle,3,390,99.821208,True
best_effort_idle,3,391,100.128759,True
best_effort_idle,3,392,99.415939,True
best_effort_idle,3,393,99.835493,True
best_effort_idle,3,394,99.972326,True
best_effort_idle,3,395,100.012954,True
best_effort_idle,3,396,99.619027,True
best_effort_idle,3,397,97.399830,True
best_effort_idle,3,398,102.135984,True
best_effort_idle,3,399,98.797718,True
best_effort_idle,3,400,101.364750,True
best_effort_idle,3,401,99.291959,True
best_effort_idle,3,402,98.972568,True
best_effort_idle,3,403,100.618098,True
best_effort_idle,3,404,99.777464,True
best_effort_idle,3,405,98.427862,True
best_effort_idle,3,406,101.291496,True
best_effort_idle,3,407,97.613263,True
best_effort_idle,3,408,102.460264,True
best_effort_idle,3,409,99.532359,True
best_effort_idle,3,410,99.771642,True
best_effort_idle,3,411,99.743334,True
best_effort_idle,3,412,99.749390,True
best_effort_idle,3,413,99.990933,True
best_effort_idle,3,414,99.684204,True
best_effort_idle,3,415,99.014844,True
best_effort_idle,3,416,100.572283,True
best_effort_idle,3,417,97.643998,True
best_effort_idle,3,418,101.425794,True
best_effort_idle,3,419,100.653707,True
best_effort_idle,3,420,99.782491,True
best_effort_idle,3,421,97.853091,True
best_effort_idle,3,422,101.812227,True
best_effort_idle,3,423,99.829890,True
best_effort_idle,3,424,99.786293,True
best_effort_idle,3,425,99.891279,True
best_effort_idle,3,426,99.657662,True
best_effort_idle,3,427,97.552119,True
best_effort_idle,3,428,100.458651,True
best_effort_idle,3,429,101.842289,True
best_effort_idle,3,430,99.928283,True
best_effort_idle,3,431,99.391620,True
best_effort_idle,3,432,99.798048,True
best_effort_idle,3,433,99.998102,True
best_effort_idle,3,434,99.873605,True
best_effort_idle,3,435,99.739681,True
best_effort_idle,3,436,97.478815,True
best_effort_idle,3,437,99.821550,True
best_effort_idle,3,438,102.385234,True
best_effort_idle,3,439,99.705045,True
best_effort_idle,3,440,97.856621,True
best_effort_idle,3,441,99.444616,True
best_effort_idle,3,442,102.475860,True
best_effort_idle,3,443,97.308947,True
best_effort_idle,3,444,102.199276,True
best_effort_idle,3,445,97.553860,True
best_effort_idle,3,446,102.186730,True
best_effort_idle,3,447,97.560345,True
best_effort_idle,3,448,102.220521,True
best_effort_idle,3,449,100.031310,True
best_effort_idle,3,450,99.667687,True
best_effort_idle,3,451,99.615482,True
best_effort_idle,3,452,99.774590,True
best_effort_idle,3,453,99.792145,True
best_effort_idle,3,454,99.849762,True
best_effort_idle,3,455,100.016466,True
best_effort_idle,3,456,97.505156,True
best_effort_idle,3,457,99.746280,True
best_effort_idle,3,458,100.136343,True
best_effort_idle,3,459,101.939566,True
best_effort_idle,3,460,97.656949,True
best_effort_idle,3,461,99.702128,True
best_effort_idle,3,462,102.332704,True
best_effort_idle,3,463,99.715803,True
best_effort_idle,3,464,99.891677,True
best_effort_idle,3,465,99.790306,True
best_effort_idle,3,466,98.673145,True
best_effort_idle,3,467,98.574989,True
best_effort_idle,3,468,102.372089,True
best_effort_idle,3,469,99.731874,True
best_effort_idle,3,470,100.062273,True
best_effort_idle,3,471,98.575836,True
best_effort_idle,3,472,101.023074,True
best_effort_idle,3,473,99.599704,True
best_effort_idle,3,474,99.776336,True
best_effort_idle,3,475,97.967740,True
best_effort_idle,3,476,100.288407,True
best_effort_idle,3,477,99.140857,True
best_effort_idle,3,478,101.364057,True
best_effort_idle,3,479,98.645648,True
best_effort_idle,3,480,102.095433,True
best_effort_idle,3,481,97.541062,True
best_effort_idle,3,482,102.031487,True
best_effort_idle,3,483,99.761421,True
best_effort_idle,3,484,99.792970,True
best_effort_idle,3,485,99.995195,True
best_effort_idle,3,486,99.557868,True
best_effort_idle,3,487,97.635435,True
best_effort_idle,3,488,100.305564,True
best_effort_idle,3,489,101.659336,True
best_effort_idle,3,490,100.018917,True
best_effort_idle,3,491,99.824727,True
best_effort_idle,3,492,98.251801,True
best_effort_idle,3,493,101.290469,True
best_effort_idle,3,494,99.870781,True
best_effort_idle,3,495,99.964812,True
best_effort_idle,3,496,99.601844,True
best_effort_idle,3,497,97.657476,True
best_effort_idle,3,498,99.928044,True
best_effort_idle,3,499,102.130397,True
best_effort_idle,3,500,97.610101,True
best_effort_idle,3,501,102.156656,True
best_effort_idle,3,502,99.841768,True
best_effort_idle,3,503,98.265926,True
best_effort_idle,3,504,101.171503,True
best_effort_idle,3,505,99.985044,True
best_effort_idle,3,506,98.389304,True
best_effort_idle,3,507,99.263984,True
best_effort_idle,3,508,101.871414,True
best_effort_idle,3,509,99.320689,True
best_effort_idle,3,510,100.469127,True
best_effort_idle,3,511,99.547497,True
best_effort_idle,3,512,100.047204,True
best_effort_idle,3,513,99.516486,True
best_effort_idle,3,514,99.377216,True
best_effort_idle,3,515,98.418581,True
best_effort_idle,3,516,100.441201,True
best_effort_idle,3,517,99.037112,True
best_effort_idle,3,518,102.259823,True
best_effort_idle,3,519,99.761307,True
best_effort_idle,3,520,99.786775,True
best_effort_idle,3,521,97.498201,True
best_effort_idle,3,522,102.110928,True
best_effort_idle,3,523,99.842910,True
best_effort_idle,3,524,99.857625,True
best_effort_idle,3,525,99.321593,True
best_effort_idle,3,526,99.303155,True
best_effort_idle,3,527,98.944967,True
best_effort_idle,3,528,101.342316,True
best_effort_idle,3,529,100.343337,True
best_effort_idle,3,530,98.865066,True
best_effort_idle,3,531,100.808582,True
best_effort_idle,3,532,99.667312,True
best_effort_idle,3,533,99.800559,True
best_effort_idle,3,534,100.089157,True
best_effort_idle,3,535,99.843441,True
best_effort_idle,3,536,97.548293,True
best_effort_idle,3,537,99.625578,True
best_effort_idle,3,538,102.206740,True
best_effort_idle,3,539,99.998416,True
best_effort_idle,3,540,97.690714,True
best_effort_idle,3,541,100.065414,True
best_effort_idle,3,542,99.507437,True
best_effort_idle,3,543,101.661352,True
best_effort_idle,3,544,100.285127,True
best_effort_idle,3,545,100.007380,True
best_effort_idle,3,546,97.708078,True
best_effort_idle,3,547,99.574612,True
best_effort_idle,3,548,100.421353,True
best_effort_idle,3,549,101.949351,True
best_effort_idle,3,550,99.983962,True
best_effort_idle,3,551,99.621690,True
best_effort_idle,3,552,99.577512,True
best_effort_idle,3,553,99.790985,True
best_effort_idle,3,554,99.612532,True
best_effort_idle,3,555,99.823425,True
best_effort_idle,3,556,100.134464,True
best_effort_idle,3,557,97.085613,True
best_effort_idle,3,558,102.313569,True
best_effort_idle,3,559,98.002261,True
best_effort_idle,3,560,101.282858,True
best_effort_idle,3,561,98.447164,True
best_effort_idle,3,562,101.631653,True
best_effort_idle,3,563,99.876343,True
best_effort_idle,3,564,99.701378,True
best_effort_idle,3,565,97.683581,True
best_effort_idle,3,566,102.060604,True
best_effort_idle,3,567,97.738369,True
best_effort_idle,3,568,102.128091,True
best_effort_idle,3,569,99.737387,True
best_effort_idle,3,570,100.350769,True
best_effort_idle,3,571,99.194840,True
best_effort_idle,3,572,99.949424,True
best_effort_idle,3,573,99.937603,True
best_effort_idle,3,574,99.568052,True
best_effort_idle,3,575,99.839625,True
best_effort_idle,3,576,98.254274,True
best_effort_idle,3,577,99.096492,True
best_effort_idle,3,578,102.354625,True
best_effort_idle,3,579,99.678782,True
best_effort_idle,3,580,100.140794,True
best_effort_idle,3,581,99.485463,True
best_effort_idle,3,582,99.897661,True
best_effort_idle,3,583,99.731931,True
best_effort_idle,3,584,99.745884,True
best_effort_idle,3,585,98.866143,True
best_effort_idle,3,586,99.480742,True
best_effort_idle,3,587,98.809528,True
best_effort_idle,3,588,101.356574,True
best_effort_idle,3,589,100.867192,True
best_effort_idle,3,590,99.944824,True
best_effort_idle,3,591,99.536373,True
best_effort_idle,3,592,99.825521,True
best_effort_idle,3,593,100.083667,True
best_effort_idle,3,594,99.536422,True
best_effort_idle,3,595,98.435911,True
best_effort_idle,3,596,99.292811,True
best_effort_idle,3,597,99.517816,True
best_effort_idle,3,598,102.410905,True
best_effort_idle,3,599,99.674313,True
best_effort_idle,4,0,96.767310,True
best_effort_idle,4,1,97.572666,True
best_effort_idle,4,2,102.201530,True
best_effort_idle,4,3,97.562242,True
best_effort_idle,4,4,102.178737,True
best_effort_idle,4,5,100.176674,True
best_effort_idle,4,6,99.537285,True
best_effort_idle,4,7,99.971734,True
best_effort_idle,4,8,99.545004,True
best_effort_idle,4,9,99.882868,True
best_effort_idle,4,10,99.630444,True
best_effort_idle,4,11,97.531847,True
best_effort_idle,4,12,100.471042,True
best_effort_idle,4,13,101.905579,True
best_effort_idle,4,14,99.714544,True
best_effort_idle,4,15,97.277290,True
best_effort_idle,4,16,102.516865,True
best_effort_idle,4,17,99.502522,True
best_effort_idle,4,18,98.280729,True
best_effort_idle,4,19,101.817467,True
best_effort_idle,4,20,99.421068,True
best_effort_idle,4,21,97.504169,True
best_effort_idle,4,22,102.179171,True
best_effort_idle,4,23,100.165777,True
best_effort_idle,4,24,99.833329,True
best_effort_idle,4,25,99.710313,True
best_effort_idle,4,26,99.481953,True
best_effort_idle,4,27,99.861727,True
best_effort_idle,4,28,100.058233,True
best_effort_idle,4,29,99.810468,True
best_effort_idle,4,30,99.481305,True
best_effort_idle,4,31,97.432324,True
best_effort_idle,4,32,100.671984,True
best_effort_idle,4,33,101.793573,True
best_effort_idle,4,34,99.740931,True
best_effort_idle,4,35,99.463044,True
best_effort_idle,4,36,99.863467,True
best_effort_idle,4,37,99.773718,True
best_effort_idle,4,38,100.138397,True
best_effort_idle,4,39,99.874681,True
best_effort_idle,4,40,99.459164,True
best_effort_idle,4,41,97.550433,True
best_effort_idle,4,42,102.033634,True
best_effort_idle,4,43,98.128063,True
best_effort_idle,4,44,101.866149,True
best_effort_idle,4,45,99.920544,True
best_effort_idle,4,46,99.515625,True
best_effort_idle,4,47,99.676844,True
best_effort_idle,4,48,100.154940,True
best_effort_idle,4,49,97.722326,True
best_effort_idle,4,50,99.619705,True
best_effort_idle,4,51,99.713279,True
best_effort_idle,4,52,102.329027,True
best_effort_idle,4,53,99.743843,True
best_effort_idle,4,54,99.821958,True
best_effort_idle,4,55,99.754217,True
best_effort_idle,4,56,99.816954,True
best_effort_idle,4,57,99.780539,True
best_effort_idle,4,58,100.070819,True
best_effort_idle,4,59,99.586396,True
best_effort_idle,4,60,97.396637,True
best_effort_idle,4,61,99.943912,True
best_effort_idle,4,62,99.804955,True
best_effort_idle,4,63,102.404289,True
best_effort_idle,4,64,99.798773,True
best_effort_idle,4,65,99.828375,True
best_effort_idle,4,66,97.979554,True
best_effort_idle,4,67,101.743440,True
best_effort_idle,4,68,99.814274,True
best_effort_idle,4,69,99.782714,True
best_effort_idle,4,70,98.426482,True
best_effort_idle,4,71,98.934356,True
best_effort_idle,4,72,100.193626,True
best_effort_idle,4,73,102.083607,True
best_effort_idle,4,74,99.799197,True
best_effort_idle,4,75,99.610984,True
best_effort_idle,4,76,99.711494,True
best_effort_idle,4,77,99.399531,True
best_effort_idle,4,78,100.256472,True
best_effort_idle,4,79,99.846398,True
best_effort_idle,4,80,99.706241,True
best_effort_idle,4,81,97.701653,True
best_effort_idle,4,82,102.346096,True
best_effort_idle,4,83,99.505610,True
best_effort_idle,4,84,99.954671,True
best_effort_idle,4,85,99.869287,True
best_effort_idle,4,86,99.492546,True
best_effort_idle,4,87,98.154600,True
best_effort_idle,4,88,101.604265,True
best_effort_idle,4,89,99.920202,True
best_effort_idle,4,90,99.649955,True
best_effort_idle,4,91,97.548192,True
best_effort_idle,4,92,102.270999,True
best_effort_idle,4,93,97.520918,True
best_effort_idle,4,94,102.150946,True
best_effort_idle,4,95,97.369724,True
best_effort_idle,4,96,102.298595,True
best_effort_idle,4,97,99.836753,True
best_effort_idle,4,98,99.195889,True
best_effort_idle,4,99,100.519733,True
best_effort_idle,4,100,99.727720,True
best_effort_idle,4,101,97.646474,True
best_effort_idle,4,102,102.129188,True
best_effort_idle,4,103,99.386595,True
best_effort_idle,4,104,100.177397,True
best_effort_idle,4,105,99.793294,True
best_effort_idle,4,106,99.770041,True
best_effort_idle,4,107,99.795142,True
best_effort_idle,4,108,100.085319,True
best_effort_idle,4,109,99.641123,True
best_effort_idle,4,110,97.499552,True
best_effort_idle,4,111,99.918802,True
best_effort_idle,4,112,100.091949,True
best_effort_idle,4,113,101.951198,True
best_effort_idle,4,114,99.830107,True
best_effort_idle,4,115,97.378094,True
best_effort_idle,4,116,102.321349,True
best_effort_idle,4,117,99.842502,True
best_effort_idle,4,118,100.032146,True
best_effort_idle,4,119,99.925487,True
best_effort_idle,4,120,99.407697,True
best_effort_idle,4,121,97.502156,True
best_effort_idle,4,122,100.222333,True
best_effort_idle,4,123,101.949524,True
best_effort_idle,4,124,99.833657,True
best_effort_idle,4,125,99.456509,True
best_effort_idle,4,126,100.077436,True
best_effort_idle,4,127,98.740410,True
best_effort_idle,4,128,101.192030,True
best_effort_idle,4,129,98.981804,True
best_effort_idle,4,130,100.455596,True
best_effort_idle,4,131,97.467019,True
best_effort_idle,4,132,102.110334,True
best_effort_idle,4,133,99.798668,True
best_effort_idle,4,134,100.318057,True
best_effort_idle,4,135,97.245407,True
best_effort_idle,4,136,102.009488,True
best_effort_idle,4,137,97.577117,True
best_effort_idle,4,138,102.093576,True
best_effort_idle,4,139,100.051868,True
best_effort_idle,4,140,99.811905,True
best_effort_idle,4,141,97.290790,True
best_effort_idle,4,142,99.989330,True
best_effort_idle,4,143,102.142398,True
best_effort_idle,4,144,100.226791,True
best_effort_idle,4,145,99.350760,True
best_effort_idle,4,146,98.970358,True
best_effort_idle,4,147,100.760682,True
best_effort_idle,4,148,99.692925,True
best_effort_idle,4,149,100.327548,True
best_effort_idle,4,150,97.179441,True
best_effort_idle,4,151,100.180108,True
best_effort_idle,4,152,101.812219,True
best_effort_idle,4,153,99.803979,True
best_effort_idle,4,154,99.394748,True
best_effort_idle,4,155,100.241359,True
best_effort_idle,4,156,100.037376,True
best_effort_idle,4,157,99.585292,True
best_effort_idle,4,158,99.826259,True
best_effort_idle,4,159,100.235423,True
best_effort_idle,4,160,99.347015,True
best_effort_idle,4,161,97.491572,True
best_effort_idle,4,162,104.661107,True
best_effort_idle,4,163,95.278164,True
best_effort_idle,4,164,102.086448,True
best_effort_idle,4,165,99.052935,True
best_effort_idle,4,166,100.780993,True
best_effort_idle,4,167,99.468518,True
best_effort_idle,4,168,100.031058,True
best_effort_idle,4,169,99.933995,True
best_effort_idle,4,170,99.331042,True
best_effort_idle,4,171,97.615881,True
best_effort_idle,4,172,102.307889,True
best_effort_idle,4,173,99.683106,True
best_effort_idle,4,174,100.009406,True
best_effort_idle,4,175,99.653880,True
best_effort_idle,4,176,99.752159,True
best_effort_idle,4,177,99.797224,True
best_effort_idle,4,178,99.857462,True
best_effort_idle,4,179,99.858566,True
best_effort_idle,4,180,99.646718,True
best_effort_idle,4,181,97.629051,True
best_effort_idle,4,182,100.463235,True
best_effort_idle,4,183,101.765178,True
best_effort_idle,4,184,97.988722,True
best_effort_idle,4,185,101.637680,True
best_effort_idle,4,186,97.973442,True
best_effort_idle,4,187,101.960600,True
best_effort_idle,4,188,99.497915,True
best_effort_idle,4,189,99.983156,True
best_effort_idle,4,190,99.605824,True
best_effort_idle,4,191,97.544710,True
best_effort_idle,4,192,100.857350,True
best_effort_idle,4,193,101.204951,True
best_effort_idle,4,194,100.023405,True
best_effort_idle,4,195,99.596688,True
best_effort_idle,4,196,99.865929,True
best_effort_idle,4,197,100.042818,True
best_effort_idle,4,198,98.260898,True
best_effort_idle,4,199,101.616788,True
best_effort_idle,4,200,99.359996,True
best_effort_idle,4,201,97.529817,True
best_effort_idle,4,202,100.997489,True
best_effort_idle,4,203,101.178781,True
best_effort_idle,4,204,99.811305,True
best_effort_idle,4,205,99.302906,True
best_effort_idle,4,206,100.036941,True
best_effort_idle,4,207,100.104126,True
best_effort_idle,4,208,99.413024,True
best_effort_idle,4,209,97.870280,True
best_effort_idle,4,210,101.918237,True
best_effort_idle,4,211,97.598441,True
best_effort_idle,4,212,102.214881,True
best_effort_idle,4,213,99.850847,True
best_effort_idle,4,214,100.026830,True
best_effort_idle,4,215,99.408919,True
best_effort_idle,4,216,99.812695,True
best_effort_idle,4,217,99.871393,True
best_effort_idle,4,218,99.989253,True
best_effort_idle,4,219,99.715905,True
best_effort_idle,4,220,99.551922,True
best_effort_idle,4,221,97.633725,True
best_effort_idle,4,222,102.088072,True
best_effort_idle,4,223,99.872886,True
best_effort_idle,4,224,98.054947,True
best_effort_idle,4,225,101.795784,True
best_effort_idle,4,226,99.102874,True
best_effort_idle,4,227,100.230177,True
best_effort_idle,4,228,97.682948,True
best_effort_idle,4,229,102.278905,True
best_effort_idle,4,230,97.888254,True
best_effort_idle,4,231,99.394336,True
best_effort_idle,4,232,101.447108,True
best_effort_idle,4,233,100.468606,True
best_effort_idle,4,234,100.044710,True
best_effort_idle,4,235,99.614827,True
best_effort_idle,4,236,99.810769,True
best_effort_idle,4,237,99.737416,True
best_effort_idle,4,238,99.804503,True
best_effort_idle,4,239,99.811701,True
best_effort_idle,4,240,99.339697,True
best_effort_idle,4,241,98.097566,True
best_effort_idle,4,242,100.600032,True
best_effort_idle,4,243,99.593569,True
best_effort_idle,4,244,101.877268,True
best_effort_idle,4,245,99.584310,True
best_effort_idle,4,246,99.778330,True
best_effort_idle,4,247,99.764450,True
best_effort_idle,4,248,99.867052,True
best_effort_idle,4,249,99.992419,True
best_effort_idle,4,250,98.351789,True
best_effort_idle,4,251,98.989233,True
best_effort_idle,4,252,100.925632,True
best_effort_idle,4,253,101.069144,True
best_effort_idle,4,254,99.363086,True
best_effort_idle,4,255,97.867723,True
best_effort_idle,4,256,102.337452,True
best_effort_idle,4,257,99.817180,True
best_effort_idle,4,258,99.343386,True
best_effort_idle,4,259,100.336268,True
best_effort_idle,4,260,97.652594,True
best_effort_idle,4,261,99.817911,True
best_effort_idle,4,262,102.122661,True
best_effort_idle,4,263,99.907283,True
best_effort_idle,4,264,98.133271,True
best_effort_idle,4,265,101.375396,True
best_effort_idle,4,266,97.753584,True
best_effort_idle,4,267,100.716546,True
best_effort_idle,4,268,101.340570,True
best_effort_idle,4,269,99.927564,True
best_effort_idle,4,270,99.210363,True
best_effort_idle,4,271,98.073560,True
best_effort_idle,4,272,102.033130,True
best_effort_idle,4,273,99.762644,True
best_effort_idle,4,274,100.048674,True
best_effort_idle,4,275,98.578653,True
best_effort_idle,4,276,100.901014,True
best_effort_idle,4,277,97.960539,True
best_effort_idle,4,278,101.784600,True
best_effort_idle,4,279,99.816014,True
best_effort_idle,4,280,99.398818,True
best_effort_idle,4,281,97.958380,True
best_effort_idle,4,282,102.364902,True
best_effort_idle,4,283,97.431072,True
best_effort_idle,4,284,102.290213,True
best_effort_idle,4,285,97.398907,True
best_effort_idle,4,286,102.019847,True
best_effort_idle,4,287,99.815975,True
best_effort_idle,4,288,100.124738,True
best_effort_idle,4,289,100.016808,True
best_effort_idle,4,290,99.341087,True
best_effort_idle,4,291,97.580622,True
best_effort_idle,4,292,102.334749,True
best_effort_idle,4,293,99.860747,True
best_effort_idle,4,294,99.794463,True
best_effort_idle,4,295,97.073346,True
best_effort_idle,4,296,102.398638,True
best_effort_idle,4,297,99.796162,True
best_effort_idle,4,298,99.578780,True
best_effort_idle,4,299,100.004199,True
best_effort_idle,4,300,99.602930,True
best_effort_idle,4,301,97.560227,True
best_effort_idle,4,302,101.184531,True
best_effort_idle,4,303,101.122730,True
best_effort_idle,4,304,97.522943,True
best_effort_idle,4,305,101.874661,True
best_effort_idle,4,306,99.969657,True
best_effort_idle,4,307,99.612020,True
best_effort_idle,4,308,97.679192,True
best_effort_idle,4,309,102.091231,True
best_effort_idle,4,310,99.879909,True
best_effort_idle,4,311,97.536492,True
best_effort_idle,4,312,102.065042,True
best_effort_idle,4,313,99.816020,True
best_effort_idle,4,314,100.050365,True
best_effort_idle,4,315,97.462687,True
best_effort_idle,4,316,102.129366,True
best_effort_idle,4,317,99.801156,True
best_effort_idle,4,318,99.698568,True
best_effort_idle,4,319,100.196131,True
best_effort_idle,4,320,97.877850,True
best_effort_idle,4,321,99.320046,True
best_effort_idle,4,322,100.274572,True
best_effort_idle,4,323,100.056326,True
best_effort_idle,4,324,101.676245,True
best_effort_idle,4,325,99.765796,True
best_effort_idle,4,326,98.029547,True
best_effort_idle,4,327,99.491772,True
best_effort_idle,4,328,102.026182,True
best_effort_idle,4,329,100.020490,True
best_effort_idle,4,330,99.571206,True
best_effort_idle,4,331,97.637338,True
best_effort_idle,4,332,102.091017,True
best_effort_idle,4,333,99.876570,True
best_effort_idle,4,334,100.004168,True
best_effort_idle,4,335,99.532326,True
best_effort_idle,4,336,100.194998,True
best_effort_idle,4,337,99.463670,True
best_effort_idle,4,338,99.295777,True
best_effort_idle,4,339,100.295123,True
best_effort_idle,4,340,98.271607,True
best_effort_idle,4,341,99.252970,True
best_effort_idle,4,342,100.371152,True
best_effort_idle,4,343,101.564403,True
best_effort_idle,4,344,100.057691,True
best_effort_idle,4,345,99.863027,True
best_effort_idle,4,346,97.335536,True
best_effort_idle,4,347,102.116401,True
best_effort_idle,4,348,99.843386,True
best_effort_idle,4,349,99.923285,True
best_effort_idle,4,350,99.582502,True
best_effort_idle,4,351,97.653014,True
best_effort_idle,4,352,100.440754,True
best_effort_idle,4,353,101.541869,True
best_effort_idle,4,354,99.814388,True
best_effort_idle,4,355,98.156623,True
best_effort_idle,4,356,101.556548,True
best_effort_idle,4,357,99.860113,True
best_effort_idle,4,358,99.831860,True
best_effort_idle,4,359,99.924110,True
best_effort_idle,4,360,99.542545,True
best_effort_idle,4,361,97.609860,True
best_effort_idle,4,362,99.741235,True
best_effort_idle,4,363,102.373730,True
best_effort_idle,4,364,100.328024,True
best_effort_idle,4,365,99.496018,True
best_effort_idle,4,366,99.621861,True
best_effort_idle,4,367,99.803433,True
best_effort_idle,4,368,99.705495,True
best_effort_idle,4,369,99.998773,True
best_effort_idle,4,370,99.583620,True
best_effort_idle,4,371,97.704034,True
best_effort_idle,4,372,102.183624,True
best_effort_idle,4,373,99.172285,True
best_effort_idle,4,374,99.505093,True
best_effort_idle,4,375,98.236449,True
best_effort_idle,4,376,102.360080,True
best_effort_idle,4,377,99.767703,True
best_effort_idle,4,378,99.939246,True
best_effort_idle,4,379,100.018957,True
best_effort_idle,4,380,99.419207,True
best_effort_idle,4,381,97.624610,True
best_effort_idle,4,382,100.294641,True
best_effort_idle,4,383,101.784274,True
best_effort_idle,4,384,100.011879,True
best_effort_idle,4,385,99.472493,True
best_effort_idle,4,386,99.838634,True
best_effort_idle,4,387,99.811714,True
best_effort_idle,4,388,97.676482,True
best_effort_idle,4,389,102.346777,True
best_effort_idle,4,390,98.600995,True
best_effort_idle,4,391,98.565966,True
best_effort_idle,4,392,100.849240,True
best_effort_idle,4,393,101.173330,True
best_effort_idle,4,394,99.907745,True
best_effort_idle,4,395,99.759791,True
best_effort_idle,4,396,99.800564,True
best_effort_idle,4,397,99.747225,True
best_effort_idle,4,398,100.071767,True
best_effort_idle,4,399,97.475531,True
best_effort_idle,4,400,101.897806,True
best_effort_idle,4,401,97.696218,True
best_effort_idle,4,402,102.075386,True
best_effort_idle,4,403,99.843725,True
best_effort_idle,4,404,99.991851,True
best_effort_idle,4,405,99.608605,True
best_effort_idle,4,406,99.805316,True
best_effort_idle,4,407,99.716922,True
best_effort_idle,4,408,99.798722,True
best_effort_idle,4,409,99.873879,True
best_effort_idle,4,410,99.716938,True
best_effort_idle,4,411,97.681657,True
best_effort_idle,4,412,100.701218,True
best_effort_idle,4,413,100.797796,True
best_effort_idle,4,414,100.345712,True
best_effort_idle,4,415,99.763842,True
best_effort_idle,4,416,98.002370,True
best_effort_idle,4,417,101.677245,True
best_effort_idle,4,418,99.773866,True
best_effort_idle,4,419,100.049299,True
best_effort_idle,4,420,99.544476,True
best_effort_idle,4,421,97.581648,True
best_effort_idle,4,422,100.848554,True
best_effort_idle,4,423,101.162373,True
best_effort_idle,4,424,100.066637,True
best_effort_idle,4,425,99.657364,True
best_effort_idle,4,426,99.260529,True
best_effort_idle,4,427,100.214094,True
best_effort_idle,4,428,99.789818,True
best_effort_idle,4,429,100.274747,True
best_effort_idle,4,430,99.330518,True
best_effort_idle,4,431,97.798984,True
best_effort_idle,4,432,101.901558,True
best_effort_idle,4,433,99.833042,True
best_effort_idle,4,434,99.402034,True
best_effort_idle,4,435,98.213591,True
best_effort_idle,4,436,102.009451,True
best_effort_idle,4,437,98.703385,True
best_effort_idle,4,438,100.834107,True
best_effort_idle,4,439,99.328643,True
best_effort_idle,4,440,99.095319,True
best_effort_idle,4,441,99.045879,True
best_effort_idle,4,442,102.106014,True
best_effort_idle,4,443,97.644576,True
best_effort_idle,4,444,102.296713,True
best_effort_idle,4,445,99.541899,True
best_effort_idle,4,446,99.924533,True
best_effort_idle,4,447,98.809418,True
best_effort_idle,4,448,100.749935,True
best_effort_idle,4,449,100.032035,True
best_effort_idle,4,450,99.465978,True
best_effort_idle,4,451,98.033645,True
best_effort_idle,4,452,101.896847,True
best_effort_idle,4,453,99.659699,True
best_effort_idle,4,454,99.995917,True
best_effort_idle,4,455,97.247890,True
best_effort_idle,4,456,102.508398,True
best_effort_idle,4,457,98.120945,True
best_effort_idle,4,458,101.366171,True
best_effort_idle,4,459,100.013479,True
best_effort_idle,4,460,98.587801,True
best_effort_idle,4,461,98.745941,True
best_effort_idle,4,462,99.896410,True
best_effort_idle,4,463,102.068024,True
best_effort_idle,4,464,99.879679,True
best_effort_idle,4,465,100.101376,True
best_effort_idle,4,466,99.431814,True
best_effort_idle,4,467,99.985984,True
best_effort_idle,4,468,99.360411,True
best_effort_idle,4,469,100.260562,True
best_effort_idle,4,470,97.744903,True
best_effort_idle,4,471,99.461746,True
best_effort_idle,4,472,102.288342,True
best_effort_idle,4,473,99.732081,True
best_effort_idle,4,474,99.995773,True
best_effort_idle,4,475,99.608352,True
best_effort_idle,4,476,99.744689,True
best_effort_idle,4,477,100.013844,True
best_effort_idle,4,478,99.551507,True
best_effort_idle,4,479,97.860302,True
best_effort_idle,4,480,101.861245,True
best_effort_idle,4,481,97.650234,True
best_effort_idle,4,482,102.143068,True
best_effort_idle,4,483,99.820186,True
best_effort_idle,4,484,99.881669,True
best_effort_idle,4,485,99.631945,True
best_effort_idle,4,486,99.791334,True
best_effort_idle,4,487,100.108596,True
best_effort_idle,4,488,99.523030,True
best_effort_idle,4,489,100.158944,True
best_effort_idle,4,490,98.459646,True
best_effort_idle,4,491,98.676553,True
best_effort_idle,4,492,102.162326,True
best_effort_idle,4,493,99.689383,True
best_effort_idle,4,494,99.846256,True
best_effort_idle,4,495,99.847231,True
best_effort_idle,4,496,97.632422,True
best_effort_idle,4,497,102.348800,True
best_effort_idle,4,498,99.510772,True
best_effort_idle,4,499,100.034710,True
best_effort_idle,4,500,99.590410,True
best_effort_idle,4,501,97.619687,True
best_effort_idle,4,502,102.241729,True
best_effort_idle,4,503,98.632416,True
best_effort_idle,4,504,99.072766,True
best_effort_idle,4,505,101.823568,True
best_effort_idle,4,506,99.777283,True
best_effort_idle,4,507,97.700684,True
best_effort_idle,4,508,101.990978,True
best_effort_idle,4,509,100.079000,True
best_effort_idle,4,510,99.278208,True
best_effort_idle,4,511,97.782502,True
best_effort_idle,4,512,102.113825,True
best_effort_idle,4,513,99.844669,True
best_effort_idle,4,514,100.048174,True
best_effort_idle,4,515,99.628452,True
best_effort_idle,4,516,99.732690,True
best_effort_idle,4,517,99.738860,True
best_effort_idle,4,518,99.895515,True
best_effort_idle,4,519,99.891171,True
best_effort_idle,4,520,98.118313,True
best_effort_idle,4,521,99.153343,True
best_effort_idle,4,522,100.579703,True
best_effort_idle,4,523,101.471902,True
best_effort_idle,4,524,98.445446,True
best_effort_idle,4,525,101.284032,True
best_effort_idle,4,526,99.752052,True
best_effort_idle,4,527,99.922169,True
best_effort_idle,4,528,99.876082,True
best_effort_idle,4,529,100.011363,True
best_effort_idle,4,530,97.971538,True
best_effort_idle,4,531,99.095207,True
best_effort_idle,4,532,101.102380,True
best_effort_idle,4,533,100.943783,True
best_effort_idle,4,534,99.900064,True
best_effort_idle,4,535,97.331511,True
best_effort_idle,4,536,102.376578,True
best_effort_idle,4,537,99.731051,True
best_effort_idle,4,538,99.799867,True
best_effort_idle,4,539,98.909625,True
best_effort_idle,4,540,100.650056,True
best_effort_idle,4,541,97.692367,True
best_effort_idle,4,542,102.333186,True
best_effort_idle,4,543,98.614452,True
best_effort_idle,4,544,101.021225,True
best_effort_idle,4,545,99.835051,True
best_effort_idle,4,546,99.707879,True
best_effort_idle,4,547,99.745622,True
best_effort_idle,4,548,99.677653,True
best_effort_idle,4,549,99.962593,True
best_effort_idle,4,550,98.315613,True
best_effort_idle,4,551,98.846038,True
best_effort_idle,4,552,101.490014,True
best_effort_idle,4,553,98.513234,True
best_effort_idle,4,554,101.490276,True
best_effort_idle,4,555,98.121965,True
best_effort_idle,4,556,102.129693,True
best_effort_idle,4,557,97.665583,True
best_effort_idle,4,558,102.397746,True
best_effort_idle,4,559,99.556116,True
best_effort_idle,4,560,99.666047,True
best_effort_idle,4,561,97.639290,True
best_effort_idle,4,562,101.403985,True
best_effort_idle,4,563,100.800199,True
best_effort_idle,4,564,99.584910,True
best_effort_idle,4,565,99.770851,True
best_effort_idle,4,566,99.850286,True
best_effort_idle,4,567,99.733953,True
best_effort_idle,4,568,100.101033,True
best_effort_idle,4,569,99.498346,True
best_effort_idle,4,570,99.754605,True
best_effort_idle,4,571,97.595103,True
best_effort_idle,4,572,100.434731,True
best_effort_idle,4,573,101.688269,True
best_effort_idle,4,574,99.974385,True
best_effort_idle,4,575,97.347831,True
best_effort_idle,4,576,100.393489,True
best_effort_idle,4,577,101.962811,True
best_effort_idle,4,578,99.568065,True
best_effort_idle,4,579,99.925383,True
best_effort_idle,4,580,99.662059,True
best_effort_idle,4,581,97.494386,True
best_effort_idle,4,582,100.805810,True
best_effort_idle,4,583,101.234108,True
best_effort_idle,4,584,100.012975,True
best_effort_idle,4,585,99.622883,True
best_effort_idle,4,586,99.746304,True
best_effort_idle,4,587,100.090228,True
best_effort_idle,4,588,99.809712,True
best_effort_idle,4,589,99.866689,True
best_effort_idle,4,590,99.360200,True
best_effort_idle,4,591,97.781024,True
best_effort_idle,4,592,101.941465,True
best_effort_idle,4,593,98.367541,True
best_effort_idle,4,594,101.493644,True
best_effort_idle,4,595,99.783545,True
best_effort_idle,4,596,98.183815,True
best_effort_idle,4,597,101.425767,True
best_effort_idle,4,598,99.782820,True
best_effort_idle,4,599,99.400080,True
best_effort_idle,5,0,100.874450,True
best_effort_idle,5,1,100.142188,True
best_effort_idle,5,2,97.199726,True
best_effort_idle,5,3,102.200451,True
best_effort_idle,5,4,99.838508,True
best_effort_idle,5,5,99.822610,True
best_effort_idle,5,6,97.828305,True
best_effort_idle,5,7,101.856010,True
best_effort_idle,5,8,99.813981,True
best_effort_idle,5,9,99.849326,True
best_effort_idle,5,10,99.785947,True
best_effort_idle,5,11,98.108164,True
best_effort_idle,5,12,99.396419,True
best_effort_idle,5,13,100.473681,True
best_effort_idle,5,14,101.604877,True
best_effort_idle,5,15,99.790351,True
best_effort_idle,5,16,99.794402,True
best_effort_idle,5,17,100.142030,True
best_effort_idle,5,18,99.652669,True
best_effort_idle,5,19,99.838160,True
best_effort_idle,5,20,97.790245,True
best_effort_idle,5,21,101.589160,True
best_effort_idle,5,22,97.628007,True
best_effort_idle,5,23,100.790782,True
best_effort_idle,5,24,101.270975,True
best_effort_idle,5,25,99.979401,True
best_effort_idle,5,26,97.426397,True
best_effort_idle,5,27,102.423942,True
best_effort_idle,5,28,99.482655,True
best_effort_idle,5,29,99.817130,True
best_effort_idle,5,30,100.110933,True
best_effort_idle,5,31,98.941693,True
best_effort_idle,5,32,98.107687,True
best_effort_idle,5,33,100.258280,True
best_effort_idle,5,34,102.068596,True
best_effort_idle,5,35,99.901431,True
best_effort_idle,5,36,99.702216,True
best_effort_idle,5,37,98.815032,True
best_effort_idle,5,38,100.242539,True
best_effort_idle,5,39,100.113215,True
best_effort_idle,5,40,99.806977,True
best_effort_idle,5,41,99.737100,True
best_effort_idle,5,42,97.590767,True
best_effort_idle,5,43,100.184603,True
best_effort_idle,5,44,101.947306,True
best_effort_idle,5,45,99.792209,True
best_effort_idle,5,46,97.425734,True
best_effort_idle,5,47,102.432900,True
best_effort_idle,5,48,99.700733,True
best_effort_idle,5,49,99.727849,True
best_effort_idle,5,50,99.353430,True
best_effort_idle,5,51,98.304171,True
best_effort_idle,5,52,99.618483,True
best_effort_idle,5,53,99.823461,True
best_effort_idle,5,54,100.895573,True
best_effort_idle,5,55,101.614560,True
best_effort_idle,5,56,97.527804,True
best_effort_idle,5,57,102.210133,True
best_effort_idle,5,58,99.595604,True
best_effort_idle,5,59,99.843036,True
best_effort_idle,5,60,99.915284,True
best_effort_idle,5,61,98.454609,True
best_effort_idle,5,62,98.825235,True
best_effort_idle,5,63,100.253287,True
best_effort_idle,5,64,102.067974,True
best_effort_idle,5,65,99.665935,True
best_effort_idle,5,66,99.069075,True
best_effort_idle,5,67,99.784166,True
best_effort_idle,5,68,100.643785,True
best_effort_idle,5,69,99.332591,True
best_effort_idle,5,70,99.767277,True
best_effort_idle,5,71,100.069175,True
best_effort_idle,5,72,97.529497,True
best_effort_idle,5,73,100.246955,True
best_effort_idle,5,74,102.063585,True
best_effort_idle,5,75,97.561905,True
best_effort_idle,5,76,101.889617,True
best_effort_idle,5,77,97.672271,True
best_effort_idle,5,78,102.151655,True
best_effort_idle,5,79,99.736377,True
best_effort_idle,5,80,99.963216,True
best_effort_idle,5,81,99.603047,True
best_effort_idle,5,82,97.598276,True
best_effort_idle,5,83,102.129673,True
best_effort_idle,5,84,99.834616,True
best_effort_idle,5,85,99.990714,True
best_effort_idle,5,86,99.543951,True
best_effort_idle,5,87,99.852492,True
best_effort_idle,5,88,99.762550,True
best_effort_idle,5,89,99.782380,True
best_effort_idle,5,90,100.253483,True
best_effort_idle,5,91,97.472336,True
best_effort_idle,5,92,99.633341,True
best_effort_idle,5,93,102.064590,True
best_effort_idle,5,94,100.044734,True
best_effort_idle,5,95,99.835518,True
best_effort_idle,5,96,99.667978,True
best_effort_idle,5,97,99.687320,True
best_effort_idle,5,98,99.729327,True
best_effort_idle,5,99,99.839551,True
best_effort_idle,5,100,100.281997,True
best_effort_idle,5,101,99.303375,True
best_effort_idle,5,102,97.637031,True
best_effort_idle,5,103,100.177935,True
best_effort_idle,5,104,101.941399,True
best_effort_idle,5,105,99.998561,True
best_effort_idle,5,106,99.579641,True
best_effort_idle,5,107,99.737964,True
best_effort_idle,5,108,99.879996,True
best_effort_idle,5,109,97.725326,True
best_effort_idle,5,110,102.128763,True
best_effort_idle,5,111,99.607819,True
best_effort_idle,5,112,97.673722,True
best_effort_idle,5,113,100.043883,True
best_effort_idle,5,114,101.919193,True
best_effort_idle,5,115,100.028625,True
best_effort_idle,5,116,99.646021,True
best_effort_idle,5,117,99.886502,True
best_effort_idle,5,118,99.625300,True
best_effort_idle,5,119,99.772154,True
best_effort_idle,5,120,99.867634,True
best_effort_idle,5,121,99.691085,True
best_effort_idle,5,122,97.676836,True
best_effort_idle,5,123,100.299272,True
best_effort_idle,5,124,101.358143,True
best_effort_idle,5,125,100.424014,True
best_effort_idle,5,126,99.609709,True
best_effort_idle,5,127,99.800816,True
best_effort_idle,5,128,98.756373,True
best_effort_idle,5,129,100.901442,True
best_effort_idle,5,130,99.828153,True
best_effort_idle,5,131,99.200830,True
best_effort_idle,5,132,98.195274,True
best_effort_idle,5,133,99.764902,True
best_effort_idle,5,134,100.138173,True
best_effort_idle,5,135,102.225515,True
best_effort_idle,5,136,99.652611,True
best_effort_idle,5,137,99.931952,True
best_effort_idle,5,138,99.702895,True
best_effort_idle,5,139,99.833156,True
best_effort_idle,5,140,99.965887,True
best_effort_idle,5,141,97.758217,True
best_effort_idle,5,142,99.385274,True
best_effort_idle,5,143,101.329166,True
best_effort_idle,5,144,100.994504,True
best_effort_idle,5,145,99.691038,True
best_effort_idle,5,146,97.349033,True
best_effort_idle,5,147,100.552585,True
best_effort_idle,5,148,102.042515,True
best_effort_idle,5,149,97.305867,True
best_effort_idle,5,150,102.165635,True
best_effort_idle,5,151,99.258161,True
best_effort_idle,5,152,98.238226,True
best_effort_idle,5,153,102.281184,True
best_effort_idle,5,154,99.406534,True
best_effort_idle,5,155,99.948295,True
best_effort_idle,5,156,99.911018,True
best_effort_idle,5,157,99.948998,True
best_effort_idle,5,158,99.742456,True
best_effort_idle,5,159,99.654686,True
best_effort_idle,5,160,99.182163,True
best_effort_idle,5,161,100.501385,True
best_effort_idle,5,162,98.218696,True
best_effort_idle,5,163,101.245980,True
best_effort_idle,5,164,100.049535,True
best_effort_idle,5,165,99.548756,True
best_effort_idle,5,166,97.465762,True
best_effort_idle,5,167,102.357634,True
best_effort_idle,5,168,99.663033,True
best_effort_idle,5,169,99.844210,True
best_effort_idle,5,170,99.964068,True
best_effort_idle,5,171,99.580030,True
best_effort_idle,5,172,97.609977,True
best_effort_idle,5,173,100.861499,True
best_effort_idle,5,174,101.244761,True
best_effort_idle,5,175,100.131419,True
best_effort_idle,5,176,98.884179,True
best_effort_idle,5,177,98.269499,True
best_effort_idle,5,178,102.228122,True
best_effort_idle,5,179,99.502307,True
best_effort_idle,5,180,100.017653,True
best_effort_idle,5,181,99.127244,True
best_effort_idle,5,182,98.096109,True
best_effort_idle,5,183,102.124137,True
best_effort_idle,5,184,99.759129,True
best_effort_idle,5,185,100.049525,True
best_effort_idle,5,186,99.081490,True
best_effort_idle,5,187,100.240407,True
best_effort_idle,5,188,99.861837,True
best_effort_idle,5,189,100.004468,True
best_effort_idle,5,190,99.578016,True
best_effort_idle,5,191,99.210591,True
best_effort_idle,5,192,98.221933,True
best_effort_idle,5,193,102.012010,True
best_effort_idle,5,194,100.076713,True
best_effort_idle,5,195,99.646669,True
best_effort_idle,5,196,99.728990,True
best_effort_idle,5,197,99.870756,True
best_effort_idle,5,198,98.183651,True
best_effort_idle,5,199,101.689047,True
best_effort_idle,5,200,99.850422,True
best_effort_idle,5,201,99.429226,True
best_effort_idle,5,202,97.723308,True
best_effort_idle,5,203,102.026453,True
best_effort_idle,5,204,98.100349,True
best_effort_idle,5,205,101.712542,True
best_effort_idle,5,206,99.234063,True
best_effort_idle,5,207,100.085372,True
best_effort_idle,5,208,99.542962,True
best_effort_idle,5,209,100.306885,True
best_effort_idle,5,210,99.804335,True
best_effort_idle,5,211,99.728328,True
best_effort_idle,5,212,97.653998,True
best_effort_idle,5,213,102.075115,True
best_effort_idle,5,214,97.674696,True
best_effort_idle,5,215,102.281126,True
best_effort_idle,5,216,99.563667,True
best_effort_idle,5,217,99.957117,True
best_effort_idle,5,218,99.716301,True
best_effort_idle,5,219,99.759081,True
best_effort_idle,5,220,100.365265,True
best_effort_idle,5,221,98.503548,True
best_effort_idle,5,222,98.400868,True
best_effort_idle,5,223,101.218155,True
best_effort_idle,5,224,100.838936,True
best_effort_idle,5,225,99.146409,True
best_effort_idle,5,226,98.214064,True
best_effort_idle,5,227,102.117937,True
best_effort_idle,5,228,99.961473,True
best_effort_idle,5,229,99.651974,True
best_effort_idle,5,230,99.947992,True
best_effort_idle,5,231,99.618269,True
best_effort_idle,5,232,97.652950,True
best_effort_idle,5,233,102.227986,True
best_effort_idle,5,234,99.817904,True
best_effort_idle,5,235,98.069413,True
best_effort_idle,5,236,101.579608,True
best_effort_idle,5,237,98.252154,True
best_effort_idle,5,238,101.537537,True
best_effort_idle,5,239,99.750957,True
best_effort_idle,5,240,99.820969,True
best_effort_idle,5,241,99.725618,True
best_effort_idle,5,242,97.638177,True
best_effort_idle,5,243,102.487035,True
best_effort_idle,5,244,99.277816,True
best_effort_idle,5,245,100.010370,True
best_effort_idle,5,246,97.350947,True
best_effort_idle,5,247,100.346357,True
best_effort_idle,5,248,101.979078,True
best_effort_idle,5,249,97.579319,True
best_effort_idle,5,250,101.751092,True
best_effort_idle,5,251,99.724428,True
best_effort_idle,5,252,98.034165,True
best_effort_idle,5,253,101.468739,True
best_effort_idle,5,254,100.528771,True
best_effort_idle,5,255,100.142728,True
best_effort_idle,5,256,99.500381,True
best_effort_idle,5,257,99.726805,True
best_effort_idle,5,258,99.879529,True
best_effort_idle,5,259,99.724951,True
best_effort_idle,5,260,100.178307,True
best_effort_idle,5,261,98.879661,True
best_effort_idle,5,262,98.199482,True
best_effort_idle,5,263,102.143744,True
best_effort_idle,5,264,99.729956,True
best_effort_idle,5,265,100.355451,True
best_effort_idle,5,266,97.304940,True
best_effort_idle,5,267,102.105226,True
best_effort_idle,5,268,99.612498,True
best_effort_idle,5,269,99.741128,True
best_effort_idle,5,270,99.374075,True
best_effort_idle,5,271,100.286772,True
best_effort_idle,5,272,97.388079,True
best_effort_idle,5,273,102.321919,True
best_effort_idle,5,274,99.903399,True
best_effort_idle,5,275,99.243510,True
best_effort_idle,5,276,100.299733,True
best_effort_idle,5,277,99.739298,True
best_effort_idle,5,278,99.775520,True
best_effort_idle,5,279,100.064378,True
best_effort_idle,5,280,99.974712,True
best_effort_idle,5,281,98.811530,True
best_effort_idle,5,282,98.209543,True
best_effort_idle,5,283,100.436072,True
best_effort_idle,5,284,99.458183,True
best_effort_idle,5,285,99.937038,True
best_effort_idle,5,286,99.939067,True
best_effort_idle,5,287,102.039361,True
best_effort_idle,5,288,99.786954,True
best_effort_idle,5,289,98.247124,True
best_effort_idle,5,290,101.702014,True
best_effort_idle,5,291,98.522980,True
best_effort_idle,5,292,98.550338,True
best_effort_idle,5,293,102.311632,True
best_effort_idle,5,294,99.880111,True
best_effort_idle,5,295,99.321687,True
best_effort_idle,5,296,100.232852,True
best_effort_idle,5,297,99.740395,True
best_effort_idle,5,298,99.924325,True
best_effort_idle,5,299,99.792636,True
best_effort_idle,5,300,99.666912,True
best_effort_idle,5,301,99.847101,True
best_effort_idle,5,302,97.500491,True
best_effort_idle,5,303,100.426492,True
best_effort_idle,5,304,101.096816,True
best_effort_idle,5,305,100.460849,True
best_effort_idle,5,306,97.456900,True
best_effort_idle,5,307,102.247195,True
best_effort_idle,5,308,99.814993,True
best_effort_idle,5,309,100.050269,True
best_effort_idle,5,310,97.549749,True
best_effort_idle,5,311,101.869739,True
best_effort_idle,5,312,97.671392,True
best_effort_idle,5,313,101.005251,True
best_effort_idle,5,314,101.094738,True
best_effort_idle,5,315,99.688632,True
best_effort_idle,5,316,99.879208,True
best_effort_idle,5,317,98.005210,True
best_effort_idle,5,318,101.637046,True
best_effort_idle,5,319,99.748134,True
best_effort_idle,5,320,99.814798,True
best_effort_idle,5,321,98.777775,True
best_effort_idle,5,322,98.644551,True
best_effort_idle,5,323,102.147062,True
best_effort_idle,5,324,99.802944,True
best_effort_idle,5,325,100.091766,True
best_effort_idle,5,326,97.296988,True
best_effort_idle,5,327,100.473007,True
best_effort_idle,5,328,100.445436,True
best_effort_idle,5,329,101.068384,True
best_effort_idle,5,330,99.923223,True
best_effort_idle,5,331,99.510828,True
best_effort_idle,5,332,97.644493,True
best_effort_idle,5,333,102.137681,True
best_effort_idle,5,334,99.757646,True
best_effort_idle,5,335,99.455362,True
best_effort_idle,5,336,100.430589,True
best_effort_idle,5,337,99.514563,True
best_effort_idle,5,338,98.104833,True
best_effort_idle,5,339,101.623094,True
best_effort_idle,5,340,100.149136,True
best_effort_idle,5,341,99.368065,True
best_effort_idle,5,342,97.547417,True
best_effort_idle,5,343,101.184760,True
best_effort_idle,5,344,100.851683,True
best_effort_idle,5,345,98.922457,True
best_effort_idle,5,346,100.855101,True
best_effort_idle,5,347,99.704999,True
best_effort_idle,5,348,99.817021,True
best_effort_idle,5,349,99.880590,True
best_effort_idle,5,350,99.871642,True
best_effort_idle,5,351,99.661852,True
best_effort_idle,5,352,97.666062,True
best_effort_idle,5,353,99.678772,True
best_effort_idle,5,354,100.310928,True
best_effort_idle,5,355,101.344926,True
best_effort_idle,5,356,100.531906,True
best_effort_idle,5,357,97.852519,True
best_effort_idle,5,358,101.773662,True
best_effort_idle,5,359,99.813454,True
best_effort_idle,5,360,97.937622,True
best_effort_idle,5,361,99.983246,True
best_effort_idle,5,362,99.698070,True
best_effort_idle,5,363,100.210435,True
best_effort_idle,5,364,101.933623,True
best_effort_idle,5,365,99.558397,True
best_effort_idle,5,366,97.545487,True
best_effort_idle,5,367,102.258035,True
best_effort_idle,5,368,99.774372,True
best_effort_idle,5,369,99.871954,True
best_effort_idle,5,370,99.088729,True
best_effort_idle,5,371,100.477131,True
best_effort_idle,5,372,97.605324,True
best_effort_idle,5,373,100.666601,True
best_effort_idle,5,374,101.267896,True
best_effort_idle,5,375,100.358998,True
best_effort_idle,5,376,99.303947,True
best_effort_idle,5,377,99.807382,True
best_effort_idle,5,378,97.547402,True
best_effort_idle,5,379,102.301659,True
best_effort_idle,5,380,99.106095,True
best_effort_idle,5,381,100.089597,True
best_effort_idle,5,382,97.988331,True
best_effort_idle,5,383,101.905435,True
best_effort_idle,5,384,99.854903,True
best_effort_idle,5,385,99.986965,True
best_effort_idle,5,386,97.342121,True
best_effort_idle,5,387,102.163037,True
best_effort_idle,5,388,99.798018,True
best_effort_idle,5,389,99.849282,True
best_effort_idle,5,390,99.812455,True
best_effort_idle,5,391,99.724444,True
best_effort_idle,5,392,97.646279,True
best_effort_idle,5,393,101.947884,True
best_effort_idle,5,394,99.994027,True
best_effort_idle,5,395,98.013429,True
best_effort_idle,5,396,101.668875,True
best_effort_idle,5,397,99.771920,True
best_effort_idle,5,398,100.144901,True
best_effort_idle,5,399,99.572866,True
best_effort_idle,5,400,99.971308,True
best_effort_idle,5,401,99.539124,True
best_effort_idle,5,402,97.595097,True
best_effort_idle,5,403,102.118607,True
best_effort_idle,5,404,99.701118,True
best_effort_idle,5,405,98.309150,True
best_effort_idle,5,406,99.159064,True
best_effort_idle,5,407,102.294182,True
best_effort_idle,5,408,99.808735,True
best_effort_idle,5,409,99.862571,True
best_effort_idle,5,410,99.969668,True
best_effort_idle,5,411,99.643015,True
best_effort_idle,5,412,97.528870,True
best_effort_idle,5,413,102.416135,True
best_effort_idle,5,414,99.815428,True
best_effort_idle,5,415,99.641413,True
best_effort_idle,5,416,97.817922,True
best_effort_idle,5,417,101.996834,True
best_effort_idle,5,418,99.483102,True
best_effort_idle,5,419,100.215639,True
best_effort_idle,5,420,99.619399,True
best_effort_idle,5,421,99.754587,True
best_effort_idle,5,422,97.428284,True
best_effort_idle,5,423,100.760135,True
best_effort_idle,5,424,99.045211,True
best_effort_idle,5,425,102.198982,True
best_effort_idle,5,426,99.666702,True
best_effort_idle,5,427,99.824069,True
best_effort_idle,5,428,99.831775,True
best_effort_idle,5,429,100.338339,True
best_effort_idle,5,430,98.836123,True
best_effort_idle,5,431,98.505358,True
best_effort_idle,5,432,99.442075,True
best_effort_idle,5,433,102.146633,True
best_effort_idle,5,434,97.806910,True
best_effort_idle,5,435,100.673396,True
best_effort_idle,5,436,101.199166,True
best_effort_idle,5,437,99.818024,True
best_effort_idle,5,438,100.099513,True
best_effort_idle,5,439,99.528642,True
best_effort_idle,5,440,100.000171,True
best_effort_idle,5,441,98.903374,True
best_effort_idle,5,442,98.310959,True
best_effort_idle,5,443,102.081495,True
best_effort_idle,5,444,100.010001,True
best_effort_idle,5,445,99.096233,True
best_effort_idle,5,446,100.355990,True
best_effort_idle,5,447,99.698525,True
best_effort_idle,5,448,99.839889,True
best_effort_idle,5,449,99.752484,True
best_effort_idle,5,450,100.039532,True
best_effort_idle,5,451,99.567930,True
best_effort_idle,5,452,97.660128,True
best_effort_idle,5,453,100.686479,True
best_effort_idle,5,454,101.273235,True
best_effort_idle,5,455,99.920353,True
best_effort_idle,5,456,99.680309,True
best_effort_idle,5,457,99.764223,True
best_effort_idle,5,458,99.791632,True
best_effort_idle,5,459,100.127367,True
best_effort_idle,5,460,99.916353,True
best_effort_idle,5,461,98.712537,True
best_effort_idle,5,462,98.449849,True
best_effort_idle,5,463,101.955003,True
best_effort_idle,5,464,99.891060,True
best_effort_idle,5,465,98.346343,True
best_effort_idle,5,466,101.372563,True
best_effort_idle,5,467,99.725424,True
best_effort_idle,5,468,99.882686,True
best_effort_idle,5,469,98.455623,True
best_effort_idle,5,470,101.495010,True
best_effort_idle,5,471,97.686250,True
best_effort_idle,5,472,99.496345,True
best_effort_idle,5,473,102.130665,True
best_effort_idle,5,474,99.783549,True
best_effort_idle,5,475,100.059839,True
best_effort_idle,5,476,99.501277,True
best_effort_idle,5,477,100.167522,True
best_effort_idle,5,478,99.486928,True
best_effort_idle,5,479,97.622574,True
best_effort_idle,5,480,102.301926,True
best_effort_idle,5,481,99.522498,True
best_effort_idle,5,482,97.735132,True
best_effort_idle,5,483,102.072571,True
best_effort_idle,5,484,99.798493,True
best_effort_idle,5,485,99.896051,True
best_effort_idle,5,486,98.696841,True
best_effort_idle,5,487,100.948268,True
best_effort_idle,5,488,99.791300,True
best_effort_idle,5,489,99.823017,True
best_effort_idle,5,490,99.881747,True
best_effort_idle,5,491,99.101914,True
best_effort_idle,5,492,98.207844,True
best_effort_idle,5,493,102.203356,True
best_effort_idle,5,494,97.654579,True
best_effort_idle,5,495,101.978949,True
best_effort_idle,5,496,99.772160,True
best_effort_idle,5,497,100.072295,True
best_effort_idle,5,498,99.601182,True
best_effort_idle,5,499,99.837094,True
best_effort_idle,5,500,97.528620,True
best_effort_idle,5,501,101.662734,True
best_effort_idle,5,502,98.103809,True
best_effort_idle,5,503,100.824496,True
best_effort_idle,5,504,101.222968,True
best_effort_idle,5,505,99.744626,True
best_effort_idle,5,506,99.800114,True
best_effort_idle,5,507,99.899542,True
best_effort_idle,5,508,99.975269,True
best_effort_idle,5,509,99.547304,True
best_effort_idle,5,510,99.909696,True
best_effort_idle,5,511,98.955342,True
best_effort_idle,5,512,98.263581,True
best_effort_idle,5,513,100.664142,True
best_effort_idle,5,514,101.406635,True
best_effort_idle,5,515,98.102544,True
best_effort_idle,5,516,101.631825,True
best_effort_idle,5,517,97.690372,True
best_effort_idle,5,518,102.449692,True
best_effort_idle,5,519,99.416291,True
best_effort_idle,5,520,100.172335,True
best_effort_idle,5,521,98.743832,True
best_effort_idle,5,522,98.238397,True
best_effort_idle,5,523,102.392263,True
best_effort_idle,5,524,99.674332,True
best_effort_idle,5,525,99.862182,True
best_effort_idle,5,526,99.580242,True
best_effort_idle,5,527,99.726975,True
best_effort_idle,5,528,97.638922,True
best_effort_idle,5,529,102.311515,True
best_effort_idle,5,530,99.643430,True
best_effort_idle,5,531,99.826575,True
best_effort_idle,5,532,97.606677,True
best_effort_idle,5,533,100.229772,True
best_effort_idle,5,534,101.780155,True
best_effort_idle,5,535,99.829360,True
best_effort_idle,5,536,99.719776,True
best_effort_idle,5,537,99.932392,True
best_effort_idle,5,538,99.670821,True
best_effort_idle,5,539,100.079889,True
best_effort_idle,5,540,99.490511,True
best_effort_idle,5,541,99.793355,True
best_effort_idle,5,542,97.585887,True
best_effort_idle,5,543,102.438074,True
best_effort_idle,5,544,99.456091,True
best_effort_idle,5,545,99.813852,True
best_effort_idle,5,546,97.414837,True
best_effort_idle,5,547,102.354935,True
best_effort_idle,5,548,99.810902,True
best_effort_idle,5,549,99.084971,True
best_effort_idle,5,550,100.550968,True
best_effort_idle,5,551,99.740652,True
best_effort_idle,5,552,97.589916,True
best_effort_idle,5,553,102.423501,True
best_effort_idle,5,554,99.859801,True
best_effort_idle,5,555,99.801221,True
best_effort_idle,5,556,99.302133,True
best_effort_idle,5,557,100.023083,True
best_effort_idle,5,558,99.723527,True
best_effort_idle,5,559,98.291441,True
best_effort_idle,5,560,101.788038,True
best_effort_idle,5,561,99.166705,True
best_effort_idle,5,562,97.844647,True
best_effort_idle,5,563,102.429149,True
best_effort_idle,5,564,99.844728,True
best_effort_idle,5,565,99.783772,True
best_effort_idle,5,566,97.049451,True
best_effort_idle,5,567,102.414427,True
best_effort_idle,5,568,99.793341,True
best_effort_idle,5,569,99.708914,True
best_effort_idle,5,570,99.901148,True
best_effort_idle,5,571,99.091066,True
best_effort_idle,5,572,98.282493,True
best_effort_idle,5,573,101.234232,True
best_effort_idle,5,574,98.690952,True
best_effort_idle,5,575,102.154323,True
best_effort_idle,5,576,99.855426,True
best_effort_idle,5,577,99.491985,True
best_effort_idle,5,578,99.813324,True
best_effort_idle,5,579,99.770717,True
best_effort_idle,5,580,100.356914,True
best_effort_idle,5,581,99.260836,True
best_effort_idle,5,582,97.604051,True
best_effort_idle,5,583,100.191008,True
best_effort_idle,5,584,101.846138,True
best_effort_idle,5,585,100.354080,True
best_effort_idle,5,586,97.067826,True
best_effort_idle,5,587,102.060860,True
best_effort_idle,5,588,99.836620,True
best_effort_idle,5,589,99.772557,True
best_effort_idle,5,590,100.382439,True
best_effort_idle,5,591,97.232650,True
best_effort_idle,5,592,99.775192,True
best_effort_idle,5,593,101.014858,True
best_effort_idle,5,594,101.011957,True
best_effort_idle,5,595,99.895226,True
best_effort_idle,5,596,99.657119,True
best_effort_idle,5,597,99.825346,True
best_effort_idle,5,598,100.084267,True
best_effort_idle,5,599,99.488587,True
cpu_stress,1,0,98.821840,True
cpu_stress,1,1,100.001327,True
cpu_stress,1,2,99.973006,True
cpu_stress,1,3,99.914157,True
cpu_stress,1,4,99.986348,True
cpu_stress,1,5,99.943056,True
cpu_stress,1,6,110.278971,True
cpu_stress,1,7,89.679005,True
cpu_stress,1,8,99.926338,True
cpu_stress,1,9,100.049413,True
cpu_stress,1,10,99.807055,True
cpu_stress,1,11,99.984052,True
cpu_stress,1,12,99.948333,True
cpu_stress,1,13,99.928425,True
cpu_stress,1,14,100.007615,True
cpu_stress,1,15,100.851247,True
cpu_stress,1,16,106.410042,True
cpu_stress,1,17,92.563054,True
cpu_stress,1,18,100.137170,True
cpu_stress,1,19,99.755210,True
cpu_stress,1,20,99.931785,True
cpu_stress,1,21,99.997149,True
cpu_stress,1,22,100.031358,True
cpu_stress,1,23,99.907889,True
cpu_stress,1,24,99.902343,True
cpu_stress,1,25,104.868882,True
cpu_stress,1,26,100.158656,True
cpu_stress,1,27,94.832396,True
cpu_stress,1,28,100.014550,True
cpu_stress,1,29,99.829595,True
cpu_stress,1,30,99.978774,True
cpu_stress,1,31,99.953778,True
cpu_stress,1,32,99.958425,True
cpu_stress,1,33,100.268328,True
cpu_stress,1,34,99.516296,True
cpu_stress,1,35,100.063622,True
cpu_stress,1,36,109.354424,True
cpu_stress,1,37,93.441628,True
cpu_stress,1,38,96.711599,True
cpu_stress,1,39,101.253428,True
cpu_stress,1,40,103.412590,True
cpu_stress,1,41,97.334225,True
cpu_stress,1,42,101.451660,True
cpu_stress,1,43,98.595172,True
cpu_stress,1,44,101.787998,True
cpu_stress,1,45,101.515518,True
cpu_stress,1,46,97.860159,True
cpu_stress,1,47,96.396810,True
cpu_stress,1,48,100.238899,True
cpu_stress,1,49,100.096083,True
cpu_stress,1,50,99.957861,True
cpu_stress,1,51,100.106101,True
cpu_stress,1,52,99.807694,True
cpu_stress,1,53,99.797464,True
cpu_stress,1,54,100.013550,True
cpu_stress,1,55,99.920205,True
cpu_stress,1,56,109.431636,True
cpu_stress,1,57,90.527006,True
cpu_stress,1,58,100.038265,True
cpu_stress,1,59,99.632514,True
cpu_stress,1,60,100.158672,True
cpu_stress,1,61,99.855888,True
cpu_stress,1,62,100.266336,True
cpu_stress,1,63,99.800624,True
cpu_stress,1,64,99.887040,True
cpu_stress,1,65,104.577443,True
cpu_stress,1,66,104.645130,True
cpu_stress,1,67,90.586732,True
cpu_stress,1,68,99.962148,True
cpu_stress,1,69,99.873503,True
cpu_stress,1,70,99.987084,True
cpu_stress,1,71,99.947280,True
cpu_stress,1,72,100.039327,True
cpu_stress,1,73,99.803731,True
cpu_stress,1,74,99.865897,True
cpu_stress,1,75,100.140178,True
cpu_stress,1,76,106.154849,True
cpu_stress,1,77,93.764867,True
cpu_stress,1,78,99.930891,True
cpu_stress,1,79,99.881725,True
cpu_stress,1,80,99.937933,True
cpu_stress,1,81,99.989529,True
cpu_stress,1,82,99.923198,True
cpu_stress,1,83,100.053449,True
cpu_stress,1,84,99.688246,True
cpu_stress,1,85,106.852984,True
cpu_stress,1,86,103.588066,True
cpu_stress,1,87,90.696215,True
cpu_stress,1,88,99.008312,True
cpu_stress,1,89,99.941287,True
cpu_stress,1,90,99.643796,True
cpu_stress,1,91,101.924770,True
cpu_stress,1,92,98.619879,True
cpu_stress,1,93,99.212199,True
cpu_stress,1,94,100.186036,True
cpu_stress,1,95,102.949627,True
cpu_stress,1,96,107.215190,True
cpu_stress,1,97,89.639800,True
cpu_stress,1,98,99.820185,True
cpu_stress,1,99,99.949006,True
cpu_stress,1,100,99.915887,True
cpu_stress,1,101,100.043311,True
cpu_stress,1,102,100.767866,True
cpu_stress,1,103,98.981843,True
cpu_stress,1,104,99.991729,True
cpu_stress,1,105,107.448935,True
cpu_stress,1,106,100.733242,True
cpu_stress,1,107,91.752419,True
cpu_stress,1,108,99.902696,True
cpu_stress,1,109,100.068869,True
cpu_stress,1,110,99.868678,True
cpu_stress,1,111,99.760139,True
cpu_stress,1,112,100.102667,True
cpu_stress,1,113,99.915198,True
cpu_stress,1,114,99.878250,True
cpu_stress,1,115,100.064948,True
cpu_stress,1,116,105.535124,True
cpu_stress,1,117,94.438339,True
cpu_stress,1,118,99.790303,True
cpu_stress,1,119,99.984495,True
cpu_stress,1,120,100.303892,True
cpu_stress,1,121,100.012721,True
cpu_stress,1,122,99.618190,True
cpu_stress,1,123,99.888091,True
cpu_stress,1,124,100.006586,True
cpu_stress,1,125,100.011518,True
cpu_stress,1,126,108.951035,True
cpu_stress,1,127,90.629457,True
cpu_stress,1,128,99.973886,True
cpu_stress,1,129,99.943199,True
cpu_stress,1,130,99.991714,True
cpu_stress,1,131,99.890792,True
cpu_stress,1,132,100.023064,True
cpu_stress,1,133,99.847037,True
cpu_stress,1,134,101.053955,True
cpu_stress,1,135,99.165900,True
cpu_stress,1,136,109.310493,True
cpu_stress,1,137,90.300703,True
cpu_stress,1,138,100.056147,True
cpu_stress,1,139,100.017896,True
cpu_stress,1,140,99.758993,True
cpu_stress,1,141,99.960995,True
cpu_stress,1,142,102.285965,True
cpu_stress,1,143,98.392544,True
cpu_stress,1,144,100.725084,True
cpu_stress,1,145,99.153177,True
cpu_stress,1,146,111.481699,True
cpu_stress,1,147,87.810386,True
cpu_stress,1,148,100.060331,True
cpu_stress,1,149,99.981567,True
cpu_stress,1,150,99.533145,True
cpu_stress,1,151,100.203778,True
cpu_stress,1,152,101.291621,True
cpu_stress,1,153,98.673479,True
cpu_stress,1,154,100.717703,True
cpu_stress,1,155,99.006111,True
cpu_stress,1,156,110.195923,True
cpu_stress,1,157,89.690975,True
cpu_stress,1,158,99.999585,True
cpu_stress,1,159,99.899618,True
cpu_stress,1,160,100.022595,True
cpu_stress,1,161,99.840698,True
cpu_stress,1,162,100.709315,True
cpu_stress,1,163,99.865271,True
cpu_stress,1,164,99.278494,True
cpu_stress,1,165,100.143995,True
cpu_stress,1,166,106.346320,True
cpu_stress,1,167,93.286217,True
cpu_stress,1,168,99.998578,True
cpu_stress,1,169,100.983215,True
cpu_stress,1,170,98.852036,True
cpu_stress,1,171,99.949614,True
cpu_stress,1,172,99.967307,True
cpu_stress,1,173,99.979798,True
cpu_stress,1,174,99.865026,True
cpu_stress,1,175,105.674697,True
cpu_stress,1,176,102.648579,True
cpu_stress,1,177,92.568954,True
cpu_stress,1,178,98.933453,True
cpu_stress,1,179,100.027703,True
cpu_stress,1,180,99.896450,True
cpu_stress,1,181,99.296299,True
cpu_stress,1,182,100.306836,True
cpu_stress,1,183,99.570304,True
cpu_stress,1,184,100.041197,True
cpu_stress,1,185,102.490241,True
cpu_stress,1,186,106.782607,True
cpu_stress,1,187,90.564059,True
cpu_stress,1,188,100.017593,True
cpu_stress,1,189,99.900939,True
cpu_stress,1,190,100.050591,True
cpu_stress,1,191,99.903384,True
cpu_stress,1,192,100.019418,True
cpu_stress,1,193,100.545144,True
cpu_stress,1,194,99.506529,True
cpu_stress,1,195,101.316701,True
cpu_stress,1,196,110.573298,True
cpu_stress,1,197,87.606719,True
cpu_stress,1,198,99.979711,True
cpu_stress,1,199,99.957197,True
cpu_stress,1,200,99.984330,True
cpu_stress,1,201,99.911665,True
cpu_stress,1,202,99.999769,True
cpu_stress,1,203,99.916743,True
cpu_stress,1,204,99.755675,True
cpu_stress,1,205,99.983369,True
cpu_stress,1,206,106.379065,True
cpu_stress,1,207,93.813234,True
cpu_stress,1,208,99.820403,True
cpu_stress,1,209,99.791717,True
cpu_stress,1,210,99.975658,True
cpu_stress,1,211,100.948887,True
cpu_stress,1,212,98.928035,True
cpu_stress,1,213,99.907624,True
cpu_stress,1,214,99.959924,True
cpu_stress,1,215,105.697409,True
cpu_stress,1,216,103.388894,True
cpu_stress,1,217,90.779394,True
cpu_stress,1,218,99.885383,True
cpu_stress,1,219,99.989344,True
cpu_stress,1,220,99.917892,True
cpu_stress,1,221,99.966295,True
cpu_stress,1,222,99.974539,True
cpu_stress,1,223,99.860965,True
cpu_stress,1,224,99.948645,True
cpu_stress,1,225,101.021840,True
cpu_stress,1,226,109.042476,True
cpu_stress,1,227,89.903755,True
cpu_stress,1,228,98.819138,True
cpu_stress,1,229,99.725012,True
cpu_stress,1,230,100.018905,True
cpu_stress,1,231,99.463110,True
cpu_stress,1,232,101.478044,True
cpu_stress,1,233,98.689176,True
cpu_stress,1,234,99.961625,True
cpu_stress,1,235,100.019927,True
cpu_stress,1,236,101.937874,True
cpu_stress,1,237,97.918576,True
cpu_stress,1,238,101.077315,True
cpu_stress,1,239,99.587054,True
cpu_stress,1,240,99.909443,True
cpu_stress,1,241,108.511668,True
cpu_stress,1,242,90.656573,True
cpu_stress,1,243,99.893264,True
cpu_stress,1,244,99.977532,True
cpu_stress,1,245,99.909585,True
cpu_stress,1,246,108.306013,True
cpu_stress,1,247,91.616054,True
cpu_stress,1,248,99.942286,True
cpu_stress,1,249,99.969220,True
cpu_stress,1,250,99.963896,True
cpu_stress,1,251,99.875009,True
cpu_stress,1,252,100.088121,True
cpu_stress,1,253,99.940920,True
cpu_stress,1,254,99.838877,True
cpu_stress,1,255,106.034828,True
cpu_stress,1,256,109.142129,True
cpu_stress,1,257,84.791252,True
cpu_stress,1,258,99.904957,True
cpu_stress,1,259,100.094868,True
cpu_stress,1,260,99.479188,True
cpu_stress,1,261,100.081899,True
cpu_stress,1,262,102.184638,True
cpu_stress,1,263,98.256017,True
cpu_stress,1,264,99.058581,True
cpu_stress,1,265,101.683918,True
cpu_stress,1,266,98.545380,True
cpu_stress,1,267,99.897499,True
cpu_stress,1,268,99.983492,True
cpu_stress,1,269,99.836640,True
cpu_stress,1,270,100.067849,True
cpu_stress,1,271,99.946360,True
cpu_stress,1,272,99.972357,True
cpu_stress,1,273,99.961076,True
cpu_stress,1,274,99.808338,True
cpu_stress,1,275,106.758122,True
cpu_stress,1,276,98.366857,True
cpu_stress,1,277,94.835654,True
cpu_stress,1,278,99.908492,True
cpu_stress,1,279,99.959390,True
cpu_stress,1,280,99.930758,True
cpu_stress,1,281,100.198586,True
cpu_stress,1,282,99.919418,True
cpu_stress,1,283,99.838265,True
cpu_stress,1,284,99.950222,True
cpu_stress,1,285,99.877291,True
cpu_stress,1,286,109.448836,True
cpu_stress,1,287,90.510207,True
cpu_stress,1,288,100.086627,True
cpu_stress,1,289,100.006680,True
cpu_stress,1,290,99.721009,True
cpu_stress,1,291,99.913981,True
cpu_stress,1,292,99.826011,True
cpu_stress,1,293,100.067518,True
cpu_stress,1,294,99.830560,True
cpu_stress,1,295,100.026234,True
cpu_stress,1,296,109.242169,True
cpu_stress,1,297,90.602254,True
cpu_stress,1,298,99.861124,True
cpu_stress,1,299,100.098831,True
cpu_stress,1,300,99.822143,True
cpu_stress,1,301,108.096299,True
cpu_stress,1,302,91.883973,True
cpu_stress,1,303,99.873988,True
cpu_stress,1,304,100.832444,True
cpu_stress,1,305,104.843547,True
cpu_stress,1,306,102.427617,True
cpu_stress,1,307,91.638760,True
cpu_stress,1,308,100.991507,True
cpu_stress,1,309,98.869617,True
cpu_stress,1,310,99.939285,True
cpu_stress,1,311,99.860165,True
cpu_stress,1,312,102.127871,True
cpu_stress,1,313,98.031138,True
cpu_stress,1,314,99.994508,True
cpu_stress,1,315,102.623316,True
cpu_stress,1,316,103.517699,True
cpu_stress,1,317,94.006642,True
cpu_stress,1,318,99.541784,True
cpu_stress,1,319,99.965611,True
cpu_stress,1,320,99.948961,True
cpu_stress,1,321,99.977240,True
cpu_stress,1,322,101.703777,True
cpu_stress,1,323,98.215956,True
cpu_stress,1,324,99.782023,True
cpu_stress,1,325,108.397443,True
cpu_stress,1,326,103.688144,True
cpu_stress,1,327,87.243982,True
cpu_stress,1,328,100.527617,True
cpu_stress,1,329,100.115263,True
cpu_stress,1,330,99.655383,True
cpu_stress,1,331,100.089193,True
cpu_stress,1,332,101.523382,True
cpu_stress,1,333,98.267675,True
cpu_stress,1,334,99.955369,True
cpu_stress,1,335,99.966146,True
cpu_stress,1,336,111.057822,True
cpu_stress,1,337,88.804963,True
cpu_stress,1,338,99.936106,True
cpu_stress,1,339,100.004666,True
cpu_stress,1,340,99.981003,True
cpu_stress,1,341,99.892217,True
cpu_stress,1,342,99.970695,True
cpu_stress,1,343,99.937578,True
cpu_stress,1,344,99.894933,True
cpu_stress,1,345,104.590554,True
cpu_stress,1,346,103.599449,True
cpu_stress,1,347,91.702464,True
cpu_stress,1,348,99.896595,True
cpu_stress,1,349,99.941639,True
cpu_stress,1,350,99.747021,True
cpu_stress,1,351,100.003520,True
cpu_stress,1,352,99.999169,True
cpu_stress,1,353,99.877844,True
cpu_stress,1,354,99.907254,True
cpu_stress,1,355,99.951130,True
cpu_stress,1,356,109.233775,True
cpu_stress,1,357,91.404663,True
cpu_stress,1,358,98.814271,True
cpu_stress,1,359,100.301984,True
cpu_stress,1,360,99.987588,True
cpu_stress,1,361,99.963220,True
cpu_stress,1,362,102.286723,True
cpu_stress,1,363,98.490653,True
cpu_stress,1,364,100.051117,True
cpu_stress,1,365,99.784092,True
cpu_stress,1,366,107.535093,True
cpu_stress,1,367,92.725355,True
cpu_stress,1,368,98.626169,True
cpu_stress,1,369,99.934566,True
cpu_stress,1,370,99.808761,True
cpu_stress,1,371,99.798111,True
cpu_stress,1,372,99.995978,True
cpu_stress,1,373,99.900903,True
cpu_stress,1,374,99.951571,True
cpu_stress,1,375,99.923589,True
cpu_stress,1,376,109.368732,True
cpu_stress,1,377,90.555690,True
cpu_stress,1,378,99.982577,True
cpu_stress,1,379,99.849308,True
cpu_stress,1,380,100.001249,True
cpu_stress,1,381,99.886973,True
cpu_stress,1,382,100.366808,True
cpu_stress,1,383,99.536359,True
cpu_stress,1,384,99.934019,True
cpu_stress,1,385,104.121664,True
cpu_stress,1,386,102.555139,True
cpu_stress,1,387,93.160354,True
cpu_stress,1,388,98.942135,True
cpu_stress,1,389,99.976553,True
cpu_stress,1,390,99.855430,True
cpu_stress,1,391,99.897465,True
cpu_stress,1,392,102.314442,True
cpu_stress,1,393,97.501367,True
cpu_stress,1,394,99.964508,True
cpu_stress,1,395,101.514868,True
cpu_stress,1,396,107.691285,True
cpu_stress,1,397,90.547387,True
cpu_stress,1,398,102.662142,True
cpu_stress,1,399,97.430694,True
cpu_stress,1,400,99.767329,True
cpu_stress,1,401,100.040576,True
cpu_stress,1,402,100.043347,True
cpu_stress,1,403,100.030037,True
cpu_stress,1,404,99.788190,True
cpu_stress,1,405,99.721331,True
cpu_stress,1,406,107.723227,True
cpu_stress,1,407,93.070835,True
cpu_stress,1,408,99.129706,True
cpu_stress,1,409,99.914823,True
cpu_stress,1,410,99.924162,True
cpu_stress,1,411,100.054816,True
cpu_stress,1,412,99.982076,True
cpu_stress,1,413,99.952580,True
cpu_stress,1,414,99.838316,True
cpu_stress,1,415,99.922144,True
cpu_stress,1,416,107.229420,True
cpu_stress,1,417,92.480026,True
cpu_stress,1,418,99.707589,True
cpu_stress,1,419,100.674496,True
cpu_stress,1,420,99.621282,True
cpu_stress,1,421,99.952205,True
cpu_stress,1,422,99.975221,True
cpu_stress,1,423,99.912349,True
cpu_stress,1,424,99.972476,True
cpu_stress,1,425,99.957145,True
cpu_stress,1,426,109.235771,True
cpu_stress,1,427,90.835132,True
cpu_stress,1,428,99.938705,True
cpu_stress,1,429,100.031066,True
cpu_stress,1,430,99.651491,True
cpu_stress,1,431,99.975254,True
cpu_stress,1,432,99.993440,True
cpu_stress,1,433,99.757529,True
cpu_stress,1,434,100.067359,True
cpu_stress,1,435,99.964085,True
cpu_stress,1,436,109.256438,True
cpu_stress,1,437,90.618218,True
cpu_stress,1,438,100.007607,True
cpu_stress,1,439,99.961990,True
cpu_stress,1,440,99.835654,True
cpu_stress,1,441,100.005653,True
cpu_stress,1,442,100.126335,True
cpu_stress,1,443,99.772708,True
cpu_stress,1,444,99.924434,True
cpu_stress,1,445,105.167624,True
cpu_stress,1,446,104.019659,True
cpu_stress,1,447,90.775163,True
cpu_stress,1,448,99.891588,True
cpu_stress,1,449,100.056109,True
cpu_stress,1,450,99.688116,True
cpu_stress,1,451,99.963031,True
cpu_stress,1,452,100.000687,True
cpu_stress,1,453,99.873414,True
cpu_stress,1,454,99.976673,True
cpu_stress,1,455,104.888186,True
cpu_stress,1,456,99.107921,True
cpu_stress,1,457,95.842286,True
cpu_stress,1,458,99.926774,True
cpu_stress,1,459,99.987552,True
cpu_stress,1,460,99.920268,True
cpu_stress,1,461,99.952977,True
cpu_stress,1,462,99.982588,True
cpu_stress,1,463,99.856203,True
cpu_stress,1,464,99.899545,True
cpu_stress,1,465,99.954796,True
cpu_stress,1,466,107.093904,True
cpu_stress,1,467,93.354959,True
cpu_stress,1,468,100.194911,True
cpu_stress,1,469,102.443555,True
cpu_stress,1,470,96.329372,True
cpu_stress,1,471,102.092727,True
cpu_stress,1,472,98.637773,True
cpu_stress,1,473,99.372948,True
cpu_stress,1,474,99.861431,True
cpu_stress,1,475,100.235484,True
cpu_stress,1,476,106.968660,True
cpu_stress,1,477,92.709328,True
cpu_stress,1,478,103.018748,True
cpu_stress,1,479,96.684887,True
cpu_stress,1,480,100.048053,True
cpu_stress,1,481,99.956416,True
cpu_stress,1,482,100.003522,True
cpu_stress,1,483,99.804954,True
cpu_stress,1,484,100.038187,True
cpu_stress,1,485,99.975449,True
cpu_stress,1,486,106.182746,True
cpu_stress,1,487,94.730389,True
cpu_stress,1,488,100.183552,True
cpu_stress,1,489,98.889329,True
cpu_stress,1,490,99.817778,True
cpu_stress,1,491,100.019579,True
cpu_stress,1,492,99.945829,True
cpu_stress,1,493,99.689429,True
cpu_stress,1,494,99.918453,True
cpu_stress,1,495,106.084969,True
cpu_stress,1,496,105.914787,True
cpu_stress,1,497,87.711692,True
cpu_stress,1,498,99.953079,True
cpu_stress,1,499,99.968815,True
cpu_stress,1,500,100.032774,True
cpu_stress,1,501,99.969184,True
cpu_stress,1,502,99.951662,True
cpu_stress,1,503,99.867113,True
cpu_stress,1,504,99.955431,True
cpu_stress,1,505,99.900235,True
cpu_stress,1,506,109.185264,True
cpu_stress,1,507,90.797012,True
cpu_stress,1,508,100.025066,True
cpu_stress,1,509,99.715219,True
cpu_stress,1,510,99.922266,True
cpu_stress,1,511,100.002403,True
cpu_stress,1,512,99.967389,True
cpu_stress,1,513,104.997239,True
cpu_stress,1,514,94.871562,True
cpu_stress,1,515,104.942663,True
cpu_stress,1,516,105.185389,True
cpu_stress,1,517,89.666904,True
cpu_stress,1,518,99.990214,True
cpu_stress,1,519,99.896552,True
cpu_stress,1,520,99.923584,True
cpu_stress,1,521,99.989640,True
cpu_stress,1,522,100.125783,True
cpu_stress,1,523,99.763513,True
cpu_stress,1,524,99.933832,True
cpu_stress,1,525,100.054717,True
cpu_stress,1,526,112.518222,True
cpu_stress,1,527,87.423502,True
cpu_stress,1,528,99.948335,True
cpu_stress,1,529,99.965891,True
cpu_stress,1,530,99.838952,True
cpu_stress,1,531,99.871409,True
cpu_stress,1,532,99.996401,True
cpu_stress,1,533,101.880069,True
cpu_stress,1,534,101.295673,True
cpu_stress,1,535,96.489372,True
cpu_stress,1,536,101.384278,True
cpu_stress,1,537,99.637896,True
cpu_stress,1,538,98.472900,True
cpu_stress,1,539,100.233142,True
cpu_stress,1,540,99.520508,True
cpu_stress,1,541,100.443894,True
cpu_stress,1,542,100.733339,True
cpu_stress,1,543,98.903132,True
cpu_stress,1,544,99.952578,True
cpu_stress,1,545,106.884774,True
cpu_stress,1,546,103.203234,True
cpu_stress,1,547,89.653135,True
cpu_stress,1,548,99.940686,True
cpu_stress,1,549,100.123636,True
cpu_stress,1,550,99.945922,True
cpu_stress,1,551,99.874415,True
cpu_stress,1,552,100.103258,True
cpu_stress,1,553,99.637664,True
cpu_stress,1,554,100.363192,True
cpu_stress,1,555,102.672616,True
cpu_stress,1,556,108.023330,True
cpu_stress,1,557,88.707000,True
cpu_stress,1,558,99.941207,True
cpu_stress,1,559,99.931335,True
cpu_stress,1,560,100.087418,True
cpu_stress,1,561,99.911807,True
cpu_stress,1,562,100.047918,True
cpu_stress,1,563,100.054578,True
cpu_stress,1,564,99.911084,True
cpu_stress,1,565,105.031031,True
cpu_stress,1,566,102.758838,True
cpu_stress,1,567,91.824370,True
cpu_stress,1,568,99.939641,True
cpu_stress,1,569,99.912170,True
cpu_stress,1,570,99.810759,True
cpu_stress,1,571,99.882457,True
cpu_stress,1,572,99.882273,True
cpu_stress,1,573,99.810295,True
cpu_stress,1,574,99.961287,True
cpu_stress,1,575,99.940011,True
cpu_stress,1,576,109.150233,True
cpu_stress,1,577,91.070300,True
cpu_stress,1,578,99.790115,True
cpu_stress,1,579,99.921280,True
cpu_stress,1,580,99.633463,True
cpu_stress,1,581,100.067257,True
cpu_stress,1,582,101.224688,True
cpu_stress,1,583,98.626565,True
cpu_stress,1,584,99.973471,True
cpu_stress,1,585,110.531155,True
cpu_stress,1,586,101.629611,True
cpu_stress,1,587,87.614190,True
cpu_stress,1,588,100.360323,True
cpu_stress,1,589,100.049766,True
cpu_stress,1,590,99.618459,True
cpu_stress,1,591,100.187800,True
cpu_stress,1,592,101.135979,True
cpu_stress,1,593,98.345825,True
cpu_stress,1,594,99.914343,True
cpu_stress,1,595,102.174592,True
cpu_stress,1,596,110.732437,True
cpu_stress,1,597,86.908496,True
cpu_stress,1,598,99.742803,True
cpu_stress,1,599,100.373281,True
cpu_stress,2,0,100.758026,True
cpu_stress,2,1,99.921856,True
cpu_stress,2,2,99.990498,True
cpu_stress,2,3,99.931833,True
cpu_stress,2,4,99.616764,True
cpu_stress,2,5,100.141749,True
cpu_stress,2,6,100.060469,True
cpu_stress,2,7,99.990044,True
cpu_stress,2,8,100.094838,True
cpu_stress,2,9,99.961316,True
cpu_stress,2,10,99.939508,True
cpu_stress,2,11,99.945392,True
cpu_stress,2,12,99.843423,True
cpu_stress,2,13,110.364314,True
cpu_stress,2,14,89.625429,True
cpu_stress,2,15,99.923817,True
cpu_stress,2,16,99.971877,True
cpu_stress,2,17,99.835618,True
cpu_stress,2,18,100.064568,True
cpu_stress,2,19,99.974094,True
cpu_stress,2,20,99.925544,True
cpu_stress,2,21,99.949627,True
cpu_stress,2,22,101.157276,True
cpu_stress,2,23,109.800003,True
cpu_stress,2,24,88.853567,True
cpu_stress,2,25,99.966625,True
cpu_stress,2,26,99.981543,True
cpu_stress,2,27,99.817384,True
cpu_stress,2,28,99.950775,True
cpu_stress,2,29,99.858064,True
cpu_stress,2,30,99.803436,True
cpu_stress,2,31,100.002391,True
cpu_stress,2,32,99.865506,True
cpu_stress,2,33,109.284267,True
cpu_stress,2,34,90.674175,True
cpu_stress,2,35,99.957270,True
cpu_stress,2,36,99.905768,True
cpu_stress,2,37,100.103866,True
cpu_stress,2,38,99.821809,True
cpu_stress,2,39,99.906163,True
cpu_stress,2,40,99.758933,True
cpu_stress,2,41,100.012899,True
cpu_stress,2,42,102.246889,True
cpu_stress,2,43,106.575606,True
cpu_stress,2,44,90.993206,True
cpu_stress,2,45,99.937119,True
cpu_stress,2,46,99.993198,True
cpu_stress,2,47,99.974854,True
cpu_stress,2,48,99.876525,True
cpu_stress,2,49,100.011189,True
cpu_stress,2,50,99.796918,True
cpu_stress,2,51,100.176005,True
cpu_stress,2,52,99.902734,True
cpu_stress,2,53,109.197219,True
cpu_stress,2,54,90.658423,True
cpu_stress,2,55,99.902394,True
cpu_stress,2,56,100.940129,True
cpu_stress,2,57,99.883390,True
cpu_stress,2,58,99.048965,True
cpu_stress,2,59,100.064722,True
cpu_stress,2,60,99.894845,True
cpu_stress,2,61,99.976462,True
cpu_stress,2,62,105.463773,True
cpu_stress,2,63,102.388671,True
cpu_stress,2,64,91.807348,True
cpu_stress,2,65,100.156058,True
cpu_stress,2,66,99.704313,True
cpu_stress,2,67,99.953293,True
cpu_stress,2,68,99.924914,True
cpu_stress,2,69,99.854706,True
cpu_stress,2,70,100.049964,True
cpu_stress,2,71,99.939163,True
cpu_stress,2,72,99.939636,True
cpu_stress,2,73,112.186305,True
cpu_stress,2,74,88.654291,True
cpu_stress,2,75,99.183697,True
cpu_stress,2,76,99.475849,True
cpu_stress,2,77,100.053676,True
cpu_stress,2,78,99.927547,True
cpu_stress,2,79,100.010663,True
cpu_stress,2,80,99.925673,True
cpu_stress,2,81,99.925653,True
cpu_stress,2,82,106.667566,True
cpu_stress,2,83,107.714200,True
cpu_stress,2,84,85.483051,True
cpu_stress,2,85,100.155801,True
cpu_stress,2,86,99.824255,True
cpu_stress,2,87,99.800228,True
cpu_stress,2,88,99.950851,True
cpu_stress,2,89,102.559781,True
cpu_stress,2,90,97.330216,True
cpu_stress,2,91,99.949805,True
cpu_stress,2,92,106.405484,True
cpu_stress,2,93,103.606726,True
cpu_stress,2,94,89.834986,True
cpu_stress,2,95,100.029749,True
cpu_stress,2,96,101.018209,True
cpu_stress,2,97,98.796996,True
cpu_stress,2,98,100.815506,True
cpu_stress,2,99,106.799697,True
cpu_stress,2,100,92.379553,True
cpu_stress,2,101,99.891767,True
cpu_stress,2,102,109.558307,True
cpu_stress,2,103,98.389880,True
cpu_stress,2,104,91.958067,True
cpu_stress,2,105,99.932652,True
cpu_stress,2,106,99.925303,True
cpu_stress,2,107,99.872878,True
cpu_stress,2,108,100.056612,True
cpu_stress,2,109,99.937528,True
cpu_stress,2,110,99.901414,True
cpu_stress,2,111,99.885567,True
cpu_stress,2,112,100.065058,True
cpu_stress,2,113,109.304111,True
cpu_stress,2,114,90.355831,True
cpu_stress,2,115,100.052616,True
cpu_stress,2,116,100.157080,True
cpu_stress,2,117,99.659519,True
cpu_stress,2,118,100.338050,True
cpu_stress,2,119,99.819149,True
cpu_stress,2,120,99.720463,True
cpu_stress,2,121,100.090222,True
cpu_stress,2,122,105.755944,True
cpu_stress,2,123,102.676410,True
cpu_stress,2,124,91.384673,True
cpu_stress,2,125,99.887379,True
cpu_stress,2,126,99.996344,True
cpu_stress,2,127,100.022159,True
cpu_stress,2,128,99.905046,True
cpu_stress,2,129,101.033174,True
cpu_stress,2,130,98.753067,True
cpu_stress,2,131,99.789512,True
cpu_stress,2,132,101.609032,True
cpu_stress,2,133,107.720578,True
cpu_stress,2,134,90.556768,True
cpu_stress,2,135,99.952959,True
cpu_stress,2,136,100.001258,True
cpu_stress,2,137,99.882133,True
cpu_stress,2,138,99.962860,True
cpu_stress,2,139,100.894576,True
cpu_stress,2,140,98.959343,True
cpu_stress,2,141,99.835285,True
cpu_stress,2,142,101.742781,True
cpu_stress,2,143,110.662621,True
cpu_stress,2,144,87.704684,True
cpu_stress,2,145,99.825302,True
cpu_stress,2,146,100.063997,True
cpu_stress,2,147,99.937941,True
cpu_stress,2,148,99.808705,True
cpu_stress,2,149,99.997465,True
cpu_stress,2,150,99.926642,True
cpu_stress,2,151,99.920231,True
cpu_stress,2,152,99.996390,True
cpu_stress,2,153,107.908191,True
cpu_stress,2,154,91.906646,True
cpu_stress,2,155,100.651649,True
cpu_stress,2,156,99.392992,True
cpu_stress,2,157,99.839940,True
cpu_stress,2,158,99.928346,True
cpu_stress,2,159,99.999480,True
cpu_stress,2,160,99.970019,True
cpu_stress,2,161,99.762863,True
cpu_stress,2,162,100.160296,True
cpu_stress,2,163,110.261872,True
cpu_stress,2,164,89.587260,True
cpu_stress,2,165,100.837538,True
cpu_stress,2,166,99.910050,True
cpu_stress,2,167,99.606000,True
cpu_stress,2,168,99.572167,True
cpu_stress,2,169,99.970190,True
cpu_stress,2,170,99.777291,True
cpu_stress,2,171,99.919744,True
cpu_stress,2,172,99.930928,True
cpu_stress,2,173,112.279949,True
cpu_stress,2,174,88.325408,True
cpu_stress,2,175,100.125801,True
cpu_stress,2,176,99.132108,True
cpu_stress,2,177,99.976249,True
cpu_stress,2,178,99.941392,True
cpu_stress,2,179,99.911513,True
cpu_stress,2,180,99.753342,True
cpu_stress,2,181,99.946841,True
cpu_stress,2,182,99.914953,True
cpu_stress,2,183,109.225589,True
cpu_stress,2,184,90.704289,True
cpu_stress,2,185,99.986841,True
cpu_stress,2,186,100.116811,True
cpu_stress,2,187,99.877331,True
cpu_stress,2,188,99.907978,True
cpu_stress,2,189,100.005975,True
cpu_stress,2,190,99.890366,True
cpu_stress,2,191,100.403422,True
cpu_stress,2,192,103.355422,True
cpu_stress,2,193,105.172740,True
cpu_stress,2,194,92.907693,True
cpu_stress,2,195,97.851042,True
cpu_stress,2,196,99.773621,True
cpu_stress,2,197,99.949704,True
cpu_stress,2,198,100.058120,True
cpu_stress,2,199,99.907462,True
cpu_stress,2,200,99.683650,True
cpu_stress,2,201,99.988684,True
cpu_stress,2,202,100.141418,True
cpu_stress,2,203,106.088681,True
cpu_stress,2,204,94.594920,True
cpu_stress,2,205,99.040246,True
cpu_stress,2,206,99.838940,True
cpu_stress,2,207,99.926015,True
cpu_stress,2,208,99.970725,True
cpu_stress,2,209,99.955166,True
cpu_stress,2,210,99.961271,True
cpu_stress,2,211,99.983518,True
cpu_stress,2,212,108.621745,True
cpu_stress,2,213,96.657753,True
cpu_stress,2,214,94.737156,True
cpu_stress,2,215,99.908251,True
cpu_stress,2,216,99.898515,True
cpu_stress,2,217,100.001414,True
cpu_stress,2,218,100.054973,True
cpu_stress,2,219,102.126411,True
cpu_stress,2,220,97.540301,True
cpu_stress,2,221,99.986803,True
cpu_stress,2,222,102.763119,True
cpu_stress,2,223,110.357740,True
cpu_stress,2,224,87.408361,True
cpu_stress,2,225,99.904868,True
cpu_stress,2,226,99.112684,True
cpu_stress,2,227,99.932709,True
cpu_stress,2,228,99.960269,True
cpu_stress,2,229,101.088736,True
cpu_stress,2,230,98.824325,True
cpu_stress,2,231,99.829073,True
cpu_stress,2,232,107.453876,True
cpu_stress,2,233,100.931924,True
cpu_stress,2,234,91.670804,True
cpu_stress,2,235,99.967492,True
cpu_stress,2,236,99.894578,True
cpu_stress,2,237,99.951325,True
cpu_stress,2,238,99.801261,True
cpu_stress,2,239,101.036106,True
cpu_stress,2,240,98.833077,True
cpu_stress,2,241,99.855554,True
cpu_stress,2,242,101.631041,True
cpu_stress,2,243,106.864606,True
cpu_stress,2,244,91.399765,True
cpu_stress,2,245,99.944497,True
cpu_stress,2,246,99.988886,True
cpu_stress,2,247,99.933652,True
cpu_stress,2,248,100.010724,True
cpu_stress,2,249,101.667043,True
cpu_stress,2,250,98.194074,True
cpu_stress,2,251,99.933934,True
cpu_stress,2,252,108.877758,True
cpu_stress,2,253,105.117165,True
cpu_stress,2,254,85.836271,True
cpu_stress,2,255,99.955896,True
cpu_stress,2,256,99.860819,True
cpu_stress,2,257,99.814257,True
cpu_stress,2,258,99.933245,True
cpu_stress,2,259,99.968683,True
cpu_stress,2,260,99.916817,True
cpu_stress,2,261,99.954968,True
cpu_stress,2,262,99.958141,True
cpu_stress,2,263,106.669728,True
cpu_stress,2,264,94.275522,True
cpu_stress,2,265,98.885763,True
cpu_stress,2,266,99.955405,True
cpu_stress,2,267,99.910668,True
cpu_stress,2,268,99.972047,True
cpu_stress,2,269,99.972890,True
cpu_stress,2,270,99.921769,True
cpu_stress,2,271,99.920676,True
cpu_stress,2,272,105.407193,True
cpu_stress,2,273,102.875495,True
cpu_stress,2,274,94.709015,True
cpu_stress,2,275,96.738314,True
cpu_stress,2,276,100.695147,True
cpu_stress,2,277,99.151427,True
cpu_stress,2,278,100.143038,True
cpu_stress,2,279,100.080942,True
cpu_stress,2,280,99.741630,True
cpu_stress,2,281,99.938177,True
cpu_stress,2,282,99.844649,True
cpu_stress,2,283,110.405494,True
cpu_stress,2,284,89.636948,True
cpu_stress,2,285,100.068858,True
cpu_stress,2,286,99.837957,True
cpu_stress,2,287,99.998456,True
cpu_stress,2,288,100.046759,True
cpu_stress,2,289,99.926099,True
cpu_stress,2,290,99.992031,True
cpu_stress,2,291,99.809224,True
cpu_stress,2,292,99.980824,True
cpu_stress,2,293,106.392812,True
cpu_stress,2,294,93.486047,True
cpu_stress,2,295,100.992124,True
cpu_stress,2,296,98.807673,True
cpu_stress,2,297,99.987140,True
cpu_stress,2,298,100.132201,True
cpu_stress,2,299,99.422044,True
cpu_stress,2,300,100.747967,True
cpu_stress,2,301,99.787631,True
cpu_stress,2,302,99.738720,True
cpu_stress,2,303,99.428982,True
cpu_stress,2,304,99.862005,True
cpu_stress,2,305,102.082382,True
cpu_stress,2,306,98.253407,True
cpu_stress,2,307,99.778171,True
cpu_stress,2,308,100.286836,True
cpu_stress,2,309,99.895222,True
cpu_stress,2,310,99.874718,True
cpu_stress,2,311,99.858972,True
cpu_stress,2,312,100.067938,True
cpu_stress,2,313,109.550177,True
cpu_stress,2,314,90.165718,True
cpu_stress,2,315,99.851946,True
cpu_stress,2,316,99.988554,True
cpu_stress,2,317,100.006256,True
cpu_stress,2,318,100.042819,True
cpu_stress,2,319,99.901576,True
cpu_stress,2,320,99.819404,True
cpu_stress,2,321,100.138136,True
cpu_stress,2,322,99.945306,True
cpu_stress,2,323,109.937874,True
cpu_stress,2,324,90.028420,True
cpu_stress,2,325,108.470510,True
cpu_stress,2,326,91.240861,True
cpu_stress,2,327,99.908383,True
cpu_stress,2,328,99.988942,True
cpu_stress,2,329,100.591093,True
cpu_stress,2,330,99.208042,True
cpu_stress,2,331,99.963360,True
cpu_stress,2,332,102.005617,True
cpu_stress,2,333,110.221761,True
cpu_stress,2,334,87.595494,True
cpu_stress,2,335,99.953373,True
cpu_stress,2,336,99.954612,True
cpu_stress,2,337,99.938914,True
cpu_stress,2,338,99.718907,True
cpu_stress,2,339,101.027078,True
cpu_stress,2,340,98.709324,True
cpu_stress,2,341,100.126065,True
cpu_stress,2,342,103.623075,True
cpu_stress,2,343,106.576921,True
cpu_stress,2,344,89.751640,True
cpu_stress,2,345,100.405119,True
cpu_stress,2,346,99.909518,True
cpu_stress,2,347,99.290914,True
cpu_stress,2,348,100.208196,True
cpu_stress,2,349,99.944970,True
cpu_stress,2,350,99.899879,True
cpu_stress,2,351,99.928971,True
cpu_stress,2,352,99.916107,True
cpu_stress,2,353,107.009218,True
cpu_stress,2,354,93.143389,True
cpu_stress,2,355,99.413505,True
cpu_stress,2,356,100.078999,True
cpu_stress,2,357,100.041718,True
cpu_stress,2,358,99.740980,True
cpu_stress,2,359,99.986027,True
cpu_stress,2,360,100.015372,True
cpu_stress,2,361,99.920485,True
cpu_stress,2,362,104.319000,True
cpu_stress,2,363,104.861013,True
cpu_stress,2,364,91.523701,True
cpu_stress,2,365,100.098596,True
cpu_stress,2,366,99.251698,True
cpu_stress,2,367,99.732251,True
cpu_stress,2,368,99.969158,True
cpu_stress,2,369,99.971593,True
cpu_stress,2,370,99.912326,True
cpu_stress,2,371,99.933476,True
cpu_stress,2,372,99.833045,True
cpu_stress,2,373,106.600041,True
cpu_stress,2,374,93.446876,True
cpu_stress,2,375,99.950160,True
cpu_stress,2,376,99.966354,True
cpu_stress,2,377,99.955932,True
cpu_stress,2,378,99.800636,True
cpu_stress,2,379,100.092271,True
cpu_stress,2,380,99.898621,True
cpu_stress,2,381,99.938550,True
cpu_stress,2,382,99.791882,True
cpu_stress,2,383,109.336620,True
cpu_stress,2,384,95.213062,True
cpu_stress,2,385,95.355373,True
cpu_stress,2,386,100.697107,True
cpu_stress,2,387,99.685254,True
cpu_stress,2,388,99.520096,True
cpu_stress,2,389,99.974884,True
cpu_stress,2,390,99.891116,True
cpu_stress,2,391,99.883038,True
cpu_stress,2,392,100.169301,True
cpu_stress,2,393,110.006933,True
cpu_stress,2,394,89.704454,True
cpu_stress,2,395,100.001058,True
cpu_stress,2,396,99.945015,True
cpu_stress,2,397,101.075719,True
cpu_stress,2,398,99.912384,True
cpu_stress,2,399,99.709994,True
cpu_stress,2,400,99.278512,True
cpu_stress,2,401,99.739937,True
cpu_stress,2,402,99.973861,True
cpu_stress,2,403,110.163195,True
cpu_stress,2,404,89.829546,True
cpu_stress,2,405,99.772744,True
cpu_stress,2,406,99.865185,True
cpu_stress,2,407,99.738684,True
cpu_stress,2,408,100.414912,True
cpu_stress,2,409,99.792641,True
cpu_stress,2,410,99.643630,True
cpu_stress,2,411,99.926090,True
cpu_stress,2,412,100.047409,True
cpu_stress,2,413,106.230932,True
cpu_stress,2,414,93.738583,True
cpu_stress,2,415,99.871250,True
cpu_stress,2,416,99.947868,True
cpu_stress,2,417,99.975402,True
cpu_stress,2,418,99.735332,True
cpu_stress,2,419,99.953482,True
cpu_stress,2,420,99.915061,True
cpu_stress,2,421,99.946114,True
cpu_stress,2,422,104.649458,True
cpu_stress,2,423,103.521582,True
cpu_stress,2,424,91.681815,True
cpu_stress,2,425,99.906078,True
cpu_stress,2,426,99.951636,True
cpu_stress,2,427,99.949123,True
cpu_stress,2,428,99.949108,True
cpu_stress,2,429,100.150968,True
cpu_stress,2,430,99.853316,True
cpu_stress,2,431,99.778891,True
cpu_stress,2,432,100.197636,True
cpu_stress,2,433,106.960105,True
cpu_stress,2,434,92.742141,True
cpu_stress,2,435,99.949892,True
cpu_stress,2,436,99.936255,True
cpu_stress,2,437,100.166961,True
cpu_stress,2,438,99.935381,True
cpu_stress,2,439,99.765342,True
cpu_stress,2,440,99.891364,True
cpu_stress,2,441,99.966115,True
cpu_stress,2,442,105.125004,True
cpu_stress,2,443,100.952645,True
cpu_stress,2,444,93.802581,True
cpu_stress,2,445,99.919673,True
cpu_stress,2,446,99.997743,True
cpu_stress,2,447,99.863841,True
cpu_stress,2,448,100.261126,True
cpu_stress,2,449,105.175468,True
cpu_stress,2,450,97.215719,True
cpu_stress,2,451,97.165677,True
cpu_stress,2,452,99.951854,True
cpu_stress,2,453,108.739110,True
cpu_stress,2,454,91.963101,True
cpu_stress,2,455,99.123357,True
cpu_stress,2,456,99.953635,True
cpu_stress,2,457,99.939997,True
cpu_stress,2,458,100.173683,True
cpu_stress,2,459,99.742205,True
cpu_stress,2,460,99.930895,True
cpu_stress,2,461,99.944048,True
cpu_stress,2,462,105.112508,True
cpu_stress,2,463,103.146057,True
cpu_stress,2,464,91.566870,True
cpu_stress,2,465,99.601864,True
cpu_stress,2,466,99.944133,True
cpu_stress,2,467,101.854135,True
cpu_stress,2,468,98.036225,True
cpu_stress,2,469,100.674890,True
cpu_stress,2,470,100.073025,True
cpu_stress,2,471,103.125543,True
cpu_stress,2,472,97.477813,True
cpu_stress,2,473,101.918307,True
cpu_stress,2,474,97.093225,True
cpu_stress,2,475,99.750357,True
cpu_stress,2,476,99.746933,True
cpu_stress,2,477,100.114525,True
cpu_stress,2,478,99.837672,True
cpu_stress,2,479,99.953486,True
cpu_stress,2,480,99.934061,True
cpu_stress,2,481,99.929696,True
cpu_stress,2,482,101.780024,True
cpu_stress,2,483,110.367060,True
cpu_stress,2,484,87.675665,True
cpu_stress,2,485,99.968250,True
cpu_stress,2,486,99.939441,True
cpu_stress,2,487,99.904722,True
cpu_stress,2,488,100.134667,True
cpu_stress,2,489,100.067126,True
cpu_stress,2,490,99.744049,True
cpu_stress,2,491,99.821613,True
cpu_stress,2,492,99.928738,True
cpu_stress,2,493,106.064405,True
cpu_stress,2,494,94.243999,True
cpu_stress,2,495,99.747748,True
cpu_stress,2,496,99.941132,True
cpu_stress,2,497,99.996247,True
cpu_stress,2,498,100.965180,True
cpu_stress,2,499,99.638830,True
cpu_stress,2,500,99.050872,True
cpu_stress,2,501,99.958917,True
cpu_stress,2,502,99.931566,True
cpu_stress,2,503,109.262754,True
cpu_stress,2,504,90.653610,True
cpu_stress,2,505,99.920876,True
cpu_stress,2,506,99.957185,True
cpu_stress,2,507,99.934551,True
cpu_stress,2,508,99.959565,True
cpu_stress,2,509,101.710658,True
cpu_stress,2,510,98.182724,True
cpu_stress,2,511,99.960043,True
cpu_stress,2,512,99.924434,True
cpu_stress,2,513,110.265808,True
cpu_stress,2,514,90.828582,True
cpu_stress,2,515,98.915319,True
cpu_stress,2,516,99.952857,True
cpu_stress,2,517,99.941946,True
cpu_stress,2,518,99.789684,True
cpu_stress,2,519,99.890016,True
cpu_stress,2,520,99.955823,True
cpu_stress,2,521,99.916872,True
cpu_stress,2,522,99.979799,True
cpu_stress,2,523,112.102862,True
cpu_stress,2,524,87.916800,True
cpu_stress,2,525,101.774246,True
cpu_stress,2,526,97.981088,True
cpu_stress,2,527,99.826610,True
cpu_stress,2,528,100.102007,True
cpu_stress,2,529,100.837231,True
cpu_stress,2,530,99.211654,True
cpu_stress,2,531,99.897316,True
cpu_stress,2,532,100.898683,True
cpu_stress,2,533,108.256382,True
cpu_stress,2,534,91.557075,True
cpu_stress,2,535,98.941751,True
cpu_stress,2,536,100.052774,True
cpu_stress,2,537,99.940347,True
cpu_stress,2,538,99.813446,True
cpu_stress,2,539,100.683773,True
cpu_stress,2,540,99.112861,True
cpu_stress,2,541,100.050785,True
cpu_stress,2,542,100.686033,True
cpu_stress,2,543,108.458465,True
cpu_stress,2,544,90.720026,True
cpu_stress,2,545,99.893959,True
cpu_stress,2,546,99.971819,True
cpu_stress,2,547,99.909440,True
cpu_stress,2,548,99.998972,True
cpu_stress,2,549,100.194239,True
cpu_stress,2,550,99.723879,True
cpu_stress,2,551,99.942429,True
cpu_stress,2,552,104.368466,True
cpu_stress,2,553,103.807764,True
cpu_stress,2,554,91.680944,True
cpu_stress,2,555,99.938599,True
cpu_stress,2,556,100.058427,True
cpu_stress,2,557,99.946276,True
cpu_stress,2,558,99.946769,True
cpu_stress,2,559,99.973132,True
cpu_stress,2,560,99.939360,True
cpu_stress,2,561,99.756733,True
cpu_stress,2,562,100.095856,True
cpu_stress,2,563,108.281534,True
cpu_stress,2,564,91.515780,True
cpu_stress,2,565,100.016664,True
cpu_stress,2,566,100.020505,True
cpu_stress,2,567,99.888859,True
cpu_stress,2,568,99.873120,True
cpu_stress,2,569,100.939140,True
cpu_stress,2,570,99.877218,True
cpu_stress,2,571,99.897659,True
cpu_stress,2,572,103.186429,True
cpu_stress,2,573,105.148950,True
cpu_stress,2,574,90.600007,True
cpu_stress,2,575,99.824967,True
cpu_stress,2,576,99.609937,True
cpu_stress,2,577,99.193933,True
cpu_stress,2,578,99.985950,True
cpu_stress,2,579,99.994377,True
cpu_stress,2,580,99.799176,True
cpu_stress,2,581,99.956519,True
cpu_stress,2,582,100.075931,True
cpu_stress,2,583,106.174549,True
cpu_stress,2,584,93.767098,True
cpu_stress,2,585,99.717169,True
cpu_stress,2,586,100.137008,True
cpu_stress,2,587,99.947957,True
cpu_stress,2,588,99.781766,True
cpu_stress,2,589,103.224613,True
cpu_stress,2,590,96.664207,True
cpu_stress,2,591,99.647926,True
cpu_stress,2,592,104.500762,True
cpu_stress,2,593,103.882718,True
cpu_stress,2,594,91.318403,True
cpu_stress,2,595,100.683241,True
cpu_stress,2,596,99.206410,True
cpu_stress,2,597,103.542656,True
cpu_stress,2,598,98.900150,True
cpu_stress,2,599,99.630379,True
cpu_stress,3,0,101.678085,True
cpu_stress,3,1,109.045050,True
cpu_stress,3,2,92.767077,True
cpu_stress,3,3,96.781259,True
cpu_stress,3,4,105.036147,True
cpu_stress,3,5,103.084374,True
cpu_stress,3,6,91.557614,True
cpu_stress,3,7,100.064713,True
cpu_stress,3,8,99.936059,True
cpu_stress,3,9,99.937005,True
cpu_stress,3,10,99.972533,True
cpu_stress,3,11,99.838612,True
cpu_stress,3,12,100.014773,True
cpu_stress,3,13,99.965618,True
cpu_stress,3,14,99.943041,True
cpu_stress,3,15,107.527032,True
cpu_stress,3,16,93.587238,True
cpu_stress,3,17,98.840346,True
cpu_stress,3,18,100.065422,True
cpu_stress,3,19,99.861493,True
cpu_stress,3,20,102.089882,True
cpu_stress,3,21,99.857521,True
cpu_stress,3,22,97.708011,True
cpu_stress,3,23,100.012343,True
cpu_stress,3,24,102.187439,True
cpu_stress,3,25,97.836783,True
cpu_stress,3,26,101.004716,True
cpu_stress,3,27,101.918335,True
cpu_stress,3,28,96.529922,True
cpu_stress,3,29,100.201908,True
cpu_stress,3,30,99.986868,True
cpu_stress,3,31,100.909349,True
cpu_stress,3,32,98.932320,True
cpu_stress,3,33,99.874866,True
cpu_stress,3,34,100.417676,True
cpu_stress,3,35,106.818781,True
cpu_stress,3,36,92.739555,True
cpu_stress,3,37,99.845648,True
cpu_stress,3,38,99.815892,True
cpu_stress,3,39,100.719277,True
cpu_stress,3,40,100.193469,True
cpu_stress,3,41,100.748430,True
cpu_stress,3,42,98.223356,True
cpu_stress,3,43,99.943932,True
cpu_stress,3,44,101.791825,True
cpu_stress,3,45,107.415384,True
cpu_stress,3,46,90.515952,True
cpu_stress,3,47,100.090612,True
cpu_stress,3,48,100.002149,True
cpu_stress,3,49,100.047128,True
cpu_stress,3,50,99.952050,True
cpu_stress,3,51,99.697529,True
cpu_stress,3,52,100.013062,True
cpu_stress,3,53,99.960163,True
cpu_stress,3,54,99.915295,True
cpu_stress,3,55,106.678429,True
cpu_stress,3,56,93.775671,True
cpu_stress,3,57,99.402351,True
cpu_stress,3,58,99.986805,True
cpu_stress,3,59,99.906372,True
cpu_stress,3,60,99.934727,True
cpu_stress,3,61,99.936297,True
cpu_stress,3,62,99.956261,True
cpu_stress,3,63,99.943402,True
cpu_stress,3,64,99.993068,True
cpu_stress,3,65,107.333441,True
cpu_stress,3,66,92.348628,True
cpu_stress,3,67,99.901295,True
cpu_stress,3,68,99.959223,True
cpu_stress,3,69,99.923842,True
cpu_stress,3,70,99.987228,True
cpu_stress,3,71,101.655231,True
cpu_stress,3,72,98.273753,True
cpu_stress,3,73,99.868881,True
cpu_stress,3,74,99.946769,True
cpu_stress,3,75,109.252364,True
cpu_stress,3,76,90.627214,True
cpu_stress,3,77,99.957475,True
cpu_stress,3,78,99.969486,True
cpu_stress,3,79,100.068980,True
cpu_stress,3,80,99.873498,True
cpu_stress,3,81,102.690948,True
cpu_stress,3,82,97.222873,True
cpu_stress,3,83,101.100997,True
cpu_stress,3,84,102.058274,True
cpu_stress,3,85,107.131075,True
cpu_stress,3,86,89.625542,True
cpu_stress,3,87,99.833941,True
cpu_stress,3,88,99.989179,True
cpu_stress,3,89,99.879636,True
cpu_stress,3,90,99.995048,True
cpu_stress,3,91,101.256687,True
cpu_stress,3,92,98.826384,True
cpu_stress,3,93,99.870549,True
cpu_stress,3,94,108.979123,True
cpu_stress,3,95,101.029819,True
cpu_stress,3,96,89.628868,True
cpu_stress,3,97,99.978351,True
cpu_stress,3,98,100.031967,True
cpu_stress,3,99,100.005048,True
cpu_stress,3,100,99.773319,True
cpu_stress,3,101,99.997053,True
cpu_stress,3,102,99.906618,True
cpu_stress,3,103,99.914102,True
cpu_stress,3,104,103.165134,True
cpu_stress,3,105,106.904746,True
cpu_stress,3,106,90.641834,True
cpu_stress,3,107,99.074028,True
cpu_stress,3,108,100.004317,True
cpu_stress,3,109,100.047114,True
cpu_stress,3,110,99.839096,True
cpu_stress,3,111,99.989310,True
cpu_stress,3,112,100.066340,True
cpu_stress,3,113,99.938557,True
cpu_stress,3,114,99.738272,True
cpu_stress,3,115,110.376797,True
cpu_stress,3,116,90.323859,True
cpu_stress,3,117,99.193440,True
cpu_stress,3,118,99.975063,True
cpu_stress,3,119,99.933907,True
cpu_stress,3,120,99.917398,True
cpu_stress,3,121,99.929684,True
cpu_stress,3,122,99.940756,True
cpu_stress,3,123,99.873287,True
cpu_stress,3,124,105.140364,True
cpu_stress,3,125,103.170646,True
cpu_stress,3,126,91.591416,True
cpu_stress,3,127,99.983351,True
cpu_stress,3,128,99.924807,True
cpu_stress,3,129,99.914401,True
cpu_stress,3,130,99.975198,True
cpu_stress,3,131,99.997030,True
cpu_stress,3,132,99.870472,True
cpu_stress,3,133,99.933260,True
cpu_stress,3,134,99.979893,True
cpu_stress,3,135,107.210172,True
cpu_stress,3,136,92.531405,True
cpu_stress,3,137,100.271642,True
cpu_stress,3,138,99.857424,True
cpu_stress,3,139,100.771546,True
cpu_stress,3,140,99.655313,True
cpu_stress,3,141,103.020370,True
cpu_stress,3,142,96.215061,True
cpu_stress,3,143,99.960711,True
cpu_stress,3,144,107.288142,True
cpu_stress,3,145,100.832175,True
cpu_stress,3,146,91.722720,True
cpu_stress,3,147,99.943455,True
cpu_stress,3,148,99.992654,True
cpu_stress,3,149,99.739371,True
cpu_stress,3,150,99.962684,True
cpu_stress,3,151,99.945713,True
cpu_stress,3,152,99.972464,True
cpu_stress,3,153,100.104002,True
cpu_stress,3,154,101.593427,True
cpu_stress,3,155,105.109521,True
cpu_stress,3,156,93.165185,True
cpu_stress,3,157,99.870988,True
cpu_stress,3,158,99.971256,True
cpu_stress,3,159,99.790488,True
cpu_stress,3,160,99.929391,True
cpu_stress,3,161,100.778990,True
cpu_stress,3,162,99.116536,True
cpu_stress,3,163,99.947494,True
cpu_stress,3,164,99.959216,True
cpu_stress,3,165,116.340708,True
cpu_stress,3,166,83.877275,True
cpu_stress,3,167,99.871311,True
cpu_stress,3,168,100.016478,True
cpu_stress,3,169,99.743926,True
cpu_stress,3,170,99.992542,True
cpu_stress,3,171,99.993490,True
cpu_stress,3,172,99.918345,True
cpu_stress,3,173,99.914520,True
cpu_stress,3,174,104.646910,True
cpu_stress,3,175,103.681688,True
cpu_stress,3,176,92.296612,True
cpu_stress,3,177,100.081133,True
cpu_stress,3,178,101.817554,True
cpu_stress,3,179,96.830668,True
cpu_stress,3,180,99.785849,True
cpu_stress,3,181,100.083758,True
cpu_stress,3,182,99.796546,True
cpu_stress,3,183,99.951664,True
cpu_stress,3,184,100.254005,True
cpu_stress,3,185,109.290940,True
cpu_stress,3,186,90.178114,True
cpu_stress,3,187,99.426953,True
cpu_stress,3,188,100.013601,True
cpu_stress,3,189,99.715218,True
cpu_stress,3,190,99.971215,True
cpu_stress,3,191,99.975684,True
cpu_stress,3,192,99.854858,True
cpu_stress,3,193,99.939583,True
cpu_stress,3,194,105.503179,True
cpu_stress,3,195,104.149608,True
cpu_stress,3,196,90.214455,True
cpu_stress,3,197,99.943949,True
cpu_stress,3,198,99.945983,True
cpu_stress,3,199,99.939302,True
cpu_stress,3,200,99.941544,True
cpu_stress,3,201,99.984057,True
cpu_stress,3,202,99.895686,True
cpu_stress,3,203,99.949302,True
cpu_stress,3,204,99.958466,True
cpu_stress,3,205,112.187113,True
cpu_stress,3,206,87.687631,True
cpu_stress,3,207,99.937459,True
cpu_stress,3,208,99.977893,True
cpu_stress,3,209,99.910652,True
cpu_stress,3,210,99.955042,True
cpu_stress,3,211,99.946439,True
cpu_stress,3,212,99.911791,True
cpu_stress,3,213,100.843617,True
cpu_stress,3,214,104.661724,True
cpu_stress,3,215,106.649998,True
cpu_stress,3,216,87.794097,True
cpu_stress,3,217,99.952716,True
cpu_stress,3,218,100.098096,True
cpu_stress,3,219,99.647627,True
cpu_stress,3,220,100.003647,True
cpu_stress,3,221,99.892704,True
cpu_stress,3,222,99.826985,True
cpu_stress,3,223,99.955694,True
cpu_stress,3,224,99.907147,True
cpu_stress,3,225,110.216084,True
cpu_stress,3,226,89.527493,True
cpu_stress,3,227,99.543594,True
cpu_stress,3,228,100.551450,True
cpu_stress,3,229,99.807246,True
cpu_stress,3,230,99.964754,True
cpu_stress,3,231,100.053359,True
cpu_stress,3,232,101.100444,True
cpu_stress,3,233,99.038937,True
cpu_stress,3,234,100.050428,True
cpu_stress,3,235,107.000805,True
cpu_stress,3,236,93.326297,True
cpu_stress,3,237,99.848604,True
cpu_stress,3,238,100.213656,True
cpu_stress,3,239,100.113237,True
cpu_stress,3,240,99.614009,True
cpu_stress,3,241,101.657172,True
cpu_stress,3,242,97.376650,True
cpu_stress,3,243,99.836095,True
cpu_stress,3,244,109.336207,True
cpu_stress,3,245,102.958981,True
cpu_stress,3,246,87.612140,True
cpu_stress,3,247,99.911311,True
cpu_stress,3,248,100.142335,True
cpu_stress,3,249,99.961878,True
cpu_stress,3,250,99.952408,True
cpu_stress,3,251,102.293276,True
cpu_stress,3,252,97.372429,True
cpu_stress,3,253,99.923975,True
cpu_stress,3,254,104.346644,True
cpu_stress,3,255,105.820715,True
cpu_stress,3,256,89.683551,True
cpu_stress,3,257,99.967592,True
cpu_stress,3,258,99.964965,True
cpu_stress,3,259,99.939422,True
cpu_stress,3,260,99.890060,True
cpu_stress,3,261,100.002705,True
cpu_stress,3,262,99.929939,True
cpu_stress,3,263,99.945095,True
cpu_stress,3,264,99.990293,True
cpu_stress,3,265,108.021277,True
cpu_stress,3,266,92.563593,True
cpu_stress,3,267,99.058819,True
cpu_stress,3,268,100.109466,True
cpu_stress,3,269,99.662043,True
cpu_stress,3,270,99.917739,True
cpu_stress,3,271,100.017987,True
cpu_stress,3,272,99.706382,True
cpu_stress,3,273,99.896703,True
cpu_stress,3,274,99.986763,True
cpu_stress,3,275,108.420110,True
cpu_stress,3,276,91.663240,True
cpu_stress,3,277,99.790333,True
cpu_stress,3,278,100.596901,True
cpu_stress,3,279,100.324840,True
cpu_stress,3,280,99.781441,True
cpu_stress,3,281,102.546240,True
cpu_stress,3,282,96.420500,True
cpu_stress,3,283,99.948620,True
cpu_stress,3,284,102.144279,True
cpu_stress,3,285,108.224565,True
cpu_stress,3,286,89.453349,True
cpu_stress,3,287,99.959420,True
cpu_stress,3,288,99.952279,True
cpu_stress,3,289,99.937572,True
cpu_stress,3,290,99.940224,True
cpu_stress,3,291,100.644366,True
cpu_stress,3,292,99.252665,True
cpu_stress,3,293,99.812740,True
cpu_stress,3,294,107.427258,True
cpu_stress,3,295,100.492930,True
cpu_stress,3,296,92.029154,True
cpu_stress,3,297,99.950326,True
cpu_stress,3,298,99.923910,True
cpu_stress,3,299,103.509790,True
cpu_stress,3,300,96.357244,True
cpu_stress,3,301,99.960610,True
cpu_stress,3,302,99.967790,True
cpu_stress,3,303,99.941983,True
cpu_stress,3,304,105.825697,True
cpu_stress,3,305,104.448300,True
cpu_stress,3,306,90.575595,True
cpu_stress,3,307,99.895243,True
cpu_stress,3,308,100.063926,True
cpu_stress,3,309,99.452740,True
cpu_stress,3,310,99.190006,True
cpu_stress,3,311,100.021031,True
cpu_stress,3,312,99.880740,True
cpu_stress,3,313,99.964061,True
cpu_stress,3,314,99.996723,True
cpu_stress,3,315,108.018936,True
cpu_stress,3,316,91.786155,True
cpu_stress,3,317,99.986192,True
cpu_stress,3,318,99.934415,True
cpu_stress,3,319,99.935006,True
cpu_stress,3,320,99.925472,True
cpu_stress,3,321,100.038698,True
cpu_stress,3,322,99.818269,True
cpu_stress,3,323,100.053451,True
cpu_stress,3,324,99.922744,True
cpu_stress,3,325,107.434614,True
cpu_stress,3,326,92.360155,True
cpu_stress,3,327,100.044218,True
cpu_stress,3,328,99.932016,True
cpu_stress,3,329,99.923884,True
cpu_stress,3,330,99.961209,True
cpu_stress,3,331,99.956908,True
cpu_stress,3,332,99.925744,True
cpu_stress,3,333,99.933440,True
cpu_stress,3,334,99.977590,True
cpu_stress,3,335,107.080589,True
cpu_stress,3,336,93.545706,True
cpu_stress,3,337,99.488970,True
cpu_stress,3,338,99.830250,True
cpu_stress,3,339,99.803896,True
cpu_stress,3,340,99.888228,True
cpu_stress,3,341,100.211238,True
cpu_stress,3,342,99.899453,True
cpu_stress,3,343,99.940600,True
cpu_stress,3,344,105.921227,True
cpu_stress,3,345,103.130521,True
cpu_stress,3,346,90.622654,True
cpu_stress,3,347,100.013433,True
cpu_stress,3,348,99.840013,True
cpu_stress,3,349,99.935817,True
cpu_stress,3,350,99.960189,True
cpu_stress,3,351,99.863450,True
cpu_stress,3,352,100.055198,True
cpu_stress,3,353,100.141714,True
cpu_stress,3,354,99.720659,True
cpu_stress,3,355,110.208316,True
cpu_stress,3,356,89.748687,True
cpu_stress,3,357,100.781634,True
cpu_stress,3,358,99.071760,True
cpu_stress,3,359,99.942594,True
cpu_stress,3,360,99.839162,True
cpu_stress,3,361,100.079036,True
cpu_stress,3,362,99.922090,True
cpu_stress,3,363,99.955855,True
cpu_stress,3,364,105.518751,True
cpu_stress,3,365,105.710747,True
cpu_stress,3,366,88.523418,True
cpu_stress,3,367,100.630393,True
cpu_stress,3,368,99.370182,True
cpu_stress,3,369,99.919974,True
cpu_stress,3,370,99.921863,True
cpu_stress,3,371,99.971961,True
cpu_stress,3,372,99.924357,True
cpu_stress,3,373,99.983995,True
cpu_stress,3,374,99.950682,True
cpu_stress,3,375,107.204835,True
cpu_stress,3,376,92.677228,True
cpu_stress,3,377,99.964754,True
cpu_stress,3,378,99.941762,True
cpu_stress,3,379,99.941381,True
cpu_stress,3,380,99.936392,True
cpu_stress,3,381,99.997027,True
cpu_stress,3,382,99.897106,True
cpu_stress,3,383,99.936409,True
cpu_stress,3,384,105.561739,True
cpu_stress,3,385,105.793448,True
cpu_stress,3,386,88.552358,True
cpu_stress,3,387,100.555077,True
cpu_stress,3,388,100.153439,True
cpu_stress,3,389,100.004938,True
cpu_stress,3,390,99.842503,True
cpu_stress,3,391,100.920972,True
cpu_stress,3,392,97.923138,True
cpu_stress,3,393,100.077908,True
cpu_stress,3,394,101.835135,True
cpu_stress,3,395,107.274457,True
cpu_stress,3,396,90.714857,True
cpu_stress,3,397,99.834557,True
cpu_stress,3,398,100.067813,True
cpu_stress,3,399,99.979547,True
cpu_stress,3,400,99.872969,True
cpu_stress,3,401,100.758682,True
cpu_stress,3,402,99.172067,True
cpu_stress,3,403,99.999879,True
cpu_stress,3,404,101.592574,True
cpu_stress,3,405,107.470452,True
cpu_stress,3,406,90.685808,True
cpu_stress,3,407,99.960017,True
cpu_stress,3,408,99.930395,True
cpu_stress,3,409,99.937206,True
cpu_stress,3,410,99.996901,True
cpu_stress,3,411,99.984523,True
cpu_stress,3,412,99.920318,True
cpu_stress,3,413,99.932449,True
cpu_stress,3,414,101.984233,True
cpu_stress,3,415,99.399607,True
cpu_stress,3,416,99.660045,True
cpu_stress,3,417,99.255186,True
cpu_stress,3,418,100.867837,True
cpu_stress,3,419,98.586728,True
cpu_stress,3,420,103.115126,True
cpu_stress,3,421,99.106259,True
cpu_stress,3,422,97.921612,True
cpu_stress,3,423,106.719494,True
cpu_stress,3,424,97.231294,True
cpu_stress,3,425,95.069699,True
cpu_stress,3,426,103.816532,True
cpu_stress,3,427,96.385202,True
cpu_stress,3,428,100.067578,True
cpu_stress,3,429,100.040189,True
cpu_stress,3,430,100.762907,True
cpu_stress,3,431,99.280709,True
cpu_stress,3,432,99.700585,True
cpu_stress,3,433,100.015699,True
cpu_stress,3,434,103.404861,True
cpu_stress,3,435,107.742003,True
cpu_stress,3,436,88.479349,True
cpu_stress,3,437,100.146350,True
cpu_stress,3,438,99.849616,True
cpu_stress,3,439,99.912624,True
cpu_stress,3,440,99.952805,True
cpu_stress,3,441,100.070688,True
cpu_stress,3,442,100.852850,True
cpu_stress,3,443,100.161250,True
cpu_stress,3,444,98.657839,True
cpu_stress,3,445,99.834152,True
cpu_stress,3,446,103.065460,True
cpu_stress,3,447,96.751345,True
cpu_stress,3,448,100.091751,True
cpu_stress,3,449,99.922813,True
cpu_stress,3,450,99.957009,True
cpu_stress,3,451,99.939847,True
cpu_stress,3,452,100.184113,True
cpu_stress,3,453,99.705475,True
cpu_stress,3,454,99.959883,True
cpu_stress,3,455,109.192003,True
cpu_stress,3,456,92.129892,True
cpu_stress,3,457,98.483070,True
cpu_stress,3,458,100.102164,True
cpu_stress,3,459,100.073501,True
cpu_stress,3,460,99.834304,True
cpu_stress,3,461,100.097585,True
cpu_stress,3,462,99.732714,True
cpu_stress,3,463,100.079491,True
cpu_stress,3,464,99.708248,True
cpu_stress,3,465,106.636876,True
cpu_stress,3,466,93.309379,True
cpu_stress,3,467,99.881979,True
cpu_stress,3,468,99.980519,True
cpu_stress,3,469,100.043303,True
cpu_stress,3,470,100.030998,True
cpu_stress,3,471,100.114611,True
cpu_stress,3,472,99.861779,True
cpu_stress,3,473,99.759117,True
cpu_stress,3,474,104.980275,True
cpu_stress,3,475,106.114498,True
cpu_stress,3,476,88.639415,True
cpu_stress,3,477,99.919379,True
cpu_stress,3,478,100.002332,True
cpu_stress,3,479,100.182820,True
cpu_stress,3,480,99.726347,True
cpu_stress,3,481,101.916507,True
cpu_stress,3,482,97.937462,True
cpu_stress,3,483,99.789961,True
cpu_stress,3,484,107.872423,True
cpu_stress,3,485,102.293248,True
cpu_stress,3,486,89.566731,True
cpu_stress,3,487,99.856406,True
cpu_stress,3,488,100.050144,True
cpu_stress,3,489,100.853910,True
cpu_stress,3,490,99.235043,True
cpu_stress,3,491,100.856205,True
cpu_stress,3,492,98.935114,True
cpu_stress,3,493,99.972249,True
cpu_stress,3,494,107.997499,True
cpu_stress,3,495,99.007320,True
cpu_stress,3,496,92.575144,True
cpu_stress,3,497,100.149003,True
cpu_stress,3,498,99.940431,True
cpu_stress,3,499,99.910932,True
cpu_stress,3,500,99.900593,True
cpu_stress,3,501,100.001982,True
cpu_stress,3,502,99.780735,True
cpu_stress,3,503,100.092233,True
cpu_stress,3,504,100.022856,True
cpu_stress,3,505,107.311476,True
cpu_stress,3,506,92.739058,True
cpu_stress,3,507,99.801131,True
cpu_stress,3,508,100.908649,True
cpu_stress,3,509,98.800390,True
cpu_stress,3,510,99.919740,True
cpu_stress,3,511,100.034526,True
cpu_stress,3,512,99.867045,True
cpu_stress,3,513,99.988512,True
cpu_stress,3,514,104.473236,True
cpu_stress,3,515,102.593997,True
cpu_stress,3,516,92.716424,True
cpu_stress,3,517,99.996195,True
cpu_stress,3,518,99.925897,True
cpu_stress,3,519,99.910152,True
cpu_stress,3,520,100.025016,True
cpu_stress,3,521,99.942346,True
cpu_stress,3,522,99.912034,True
cpu_stress,3,523,100.126328,True
cpu_stress,3,524,99.778150,True
cpu_stress,3,525,108.298754,True
cpu_stress,3,526,91.547190,True
cpu_stress,3,527,103.637961,True
cpu_stress,3,528,96.188572,True
cpu_stress,3,529,101.499726,True
cpu_stress,3,530,98.361998,True
cpu_stress,3,531,100.220729,True
cpu_stress,3,532,99.782053,True
cpu_stress,3,533,99.993385,True
cpu_stress,3,534,105.419120,True
cpu_stress,3,535,102.121777,True
cpu_stress,3,536,92.743041,True
cpu_stress,3,537,99.636460,True
cpu_stress,3,538,99.937726,True
cpu_stress,3,539,99.711455,True
cpu_stress,3,540,99.878019,True
cpu_stress,3,541,100.180979,True
cpu_stress,3,542,99.814553,True
cpu_stress,3,543,99.755133,True
cpu_stress,3,544,99.982088,True
cpu_stress,3,545,109.418752,True
cpu_stress,3,546,90.523754,True
cpu_stress,3,547,100.012687,True
cpu_stress,3,548,99.874244,True
cpu_stress,3,549,100.090441,True
cpu_stress,3,550,99.995918,True
cpu_stress,3,551,99.890556,True
cpu_stress,3,552,100.057412,True
cpu_stress,3,553,99.934959,True
cpu_stress,3,554,99.860401,True
cpu_stress,3,555,109.158056,True
cpu_stress,3,556,90.686272,True
cpu_stress,3,557,100.062420,True
cpu_stress,3,558,99.877720,True
cpu_stress,3,559,99.767732,True
cpu_stress,3,560,100.074603,True
cpu_stress,3,561,100.183734,True
cpu_stress,3,562,99.884658,True
cpu_stress,3,563,99.821755,True
cpu_stress,3,564,99.930461,True
cpu_stress,3,565,109.318122,True
cpu_stress,3,566,90.434960,True
cpu_stress,3,567,100.162646,True
cpu_stress,3,568,100.888670,True
cpu_stress,3,569,99.833568,True
cpu_stress,3,570,99.891611,True
cpu_stress,3,571,99.997251,True
cpu_stress,3,572,99.930113,True
cpu_stress,3,573,99.686029,True
cpu_stress,3,574,103.517835,True
cpu_stress,3,575,106.685343,True
cpu_stress,3,576,89.494639,True
cpu_stress,3,577,100.247299,True
cpu_stress,3,578,99.805449,True
cpu_stress,3,579,99.491713,True
cpu_stress,3,580,99.323512,True
cpu_stress,3,581,99.987843,True
cpu_stress,3,582,100.387863,True
cpu_stress,3,583,99.288944,True
cpu_stress,3,584,100.200186,True
cpu_stress,3,585,108.152051,True
cpu_stress,3,586,92.696944,True
cpu_stress,3,587,98.942822,True
cpu_stress,3,588,99.904219,True
cpu_stress,3,589,99.973511,True
cpu_stress,3,590,99.871203,True
cpu_stress,3,591,99.955213,True
cpu_stress,3,592,100.094354,True
cpu_stress,3,593,99.906159,True
cpu_stress,3,594,105.301364,True
cpu_stress,3,595,99.421298,True
cpu_stress,3,596,95.147471,True
cpu_stress,3,597,99.841914,True
cpu_stress,3,598,100.292335,True
cpu_stress,3,599,99.574799,True
cpu_stress,4,0,100.491901,True
cpu_stress,4,1,100.043924,True
cpu_stress,4,2,102.212980,True
cpu_stress,4,3,97.910377,True
cpu_stress,4,4,100.688765,True
cpu_stress,4,5,98.443293,True
cpu_stress,4,6,102.493598,True
cpu_stress,4,7,97.399317,True
cpu_stress,4,8,103.771966,True
cpu_stress,4,9,96.093493,True
cpu_stress,4,10,102.276083,True
cpu_stress,4,11,100.771360,True
cpu_stress,4,12,96.863375,True
cpu_stress,4,13,103.753481,True
cpu_stress,4,14,96.240421,True
cpu_stress,4,15,100.044541,True
cpu_stress,4,16,100.187819,True
cpu_stress,4,17,100.036228,True
cpu_stress,4,18,99.846782,True
cpu_stress,4,19,100.862779,True
cpu_stress,4,20,103.975427,True
cpu_stress,4,21,105.159964,True
cpu_stress,4,22,89.766100,True
cpu_stress,4,23,99.911308,True
cpu_stress,4,24,99.944611,True
cpu_stress,4,25,99.803726,True
cpu_stress,4,26,99.924752,True
cpu_stress,4,27,103.512707,True
cpu_stress,4,28,96.420875,True
cpu_stress,4,29,99.925672,True
cpu_stress,4,30,101.990375,True
cpu_stress,4,31,105.599559,True
cpu_stress,4,32,92.325397,True
cpu_stress,4,33,99.889315,True
cpu_stress,4,34,99.920907,True
cpu_stress,4,35,99.964745,True
cpu_stress,4,36,101.460763,True
cpu_stress,4,37,99.532657,True
cpu_stress,4,38,98.792048,True
cpu_stress,4,39,100.019373,True
cpu_stress,4,40,107.904638,True
cpu_stress,4,41,102.113036,True
cpu_stress,4,42,89.736793,True
cpu_stress,4,43,99.950310,True
cpu_stress,4,44,99.952471,True
cpu_stress,4,45,99.937197,True
cpu_stress,4,46,99.963572,True
cpu_stress,4,47,100.046487,True
cpu_stress,4,48,100.167856,True
cpu_stress,4,49,99.873656,True
cpu_stress,4,50,99.779114,True
cpu_stress,4,51,107.457446,True
cpu_stress,4,52,92.257634,True
cpu_stress,4,53,100.009580,True
cpu_stress,4,54,99.982746,True
cpu_stress,4,55,99.880866,True
cpu_stress,4,56,101.990097,True
cpu_stress,4,57,97.846937,True
cpu_stress,4,58,100.149314,True
cpu_stress,4,59,99.800320,True
cpu_stress,4,60,99.938028,True
cpu_stress,4,61,106.866303,True
cpu_stress,4,62,93.102912,True
cpu_stress,4,63,100.068972,True
cpu_stress,4,64,99.611834,True
cpu_stress,4,65,100.055262,True
cpu_stress,4,66,99.962696,True
cpu_stress,4,67,102.391543,True
cpu_stress,4,68,97.567238,True
cpu_stress,4,69,99.897489,True
cpu_stress,4,70,107.409442,True
cpu_stress,4,71,102.690674,True
cpu_stress,4,72,89.641074,True
cpu_stress,4,73,100.110105,True
cpu_stress,4,74,99.928453,True
cpu_stress,4,75,99.766418,True
cpu_stress,4,76,99.894464,True
cpu_stress,4,77,100.039258,True
cpu_stress,4,78,99.915153,True
cpu_stress,4,79,99.960670,True
cpu_stress,4,80,99.929476,True
cpu_stress,4,81,110.199926,True
cpu_stress,4,82,91.544573,True
cpu_stress,4,83,98.021685,True
cpu_stress,4,84,100.850482,True
cpu_stress,4,85,99.883284,True
cpu_stress,4,86,99.508478,True
cpu_stress,4,87,100.472263,True
cpu_stress,4,88,99.828532,True
cpu_stress,4,89,100.127793,True
cpu_stress,4,90,103.122128,True
cpu_stress,4,91,106.181384,True
cpu_stress,4,92,89.523303,True
cpu_stress,4,93,102.266088,True
cpu_stress,4,94,99.235742,True
cpu_stress,4,95,98.468565,True
cpu_stress,4,96,103.077615,True
cpu_stress,4,97,96.917414,True
cpu_stress,4,98,99.880297,True
cpu_stress,4,99,99.804314,True
cpu_stress,4,100,99.911738,True
cpu_stress,4,101,106.614468,True
cpu_stress,4,102,93.482830,True
cpu_stress,4,103,99.800241,True
cpu_stress,4,104,99.839567,True
cpu_stress,4,105,100.710272,True
cpu_stress,4,106,99.969393,True
cpu_stress,4,107,99.355969,True
cpu_stress,4,108,99.734527,True
cpu_stress,4,109,99.914520,True
cpu_stress,4,110,99.956516,True
cpu_stress,4,111,106.328916,True
cpu_stress,4,112,93.651873,True
cpu_stress,4,113,99.871963,True
cpu_stress,4,114,99.942456,True
cpu_stress,4,115,99.930871,True
cpu_stress,4,116,99.989501,True
cpu_stress,4,117,100.004794,True
cpu_stress,4,118,99.870132,True
cpu_stress,4,119,99.933695,True
cpu_stress,4,120,99.981890,True
cpu_stress,4,121,106.846079,True
cpu_stress,4,122,93.005283,True
cpu_stress,4,123,99.980284,True
cpu_stress,4,124,99.849613,True
cpu_stress,4,125,99.977590,True
cpu_stress,4,126,99.996525,True
cpu_stress,4,127,100.210957,True
cpu_stress,4,128,99.700088,True
cpu_stress,4,129,100.516948,True
cpu_stress,4,130,100.187815,True
cpu_stress,4,131,108.241513,True
cpu_stress,4,132,90.730551,True
cpu_stress,4,133,99.932520,True
cpu_stress,4,134,99.954665,True
cpu_stress,4,135,99.933676,True
cpu_stress,4,136,99.961446,True
cpu_stress,4,137,99.978155,True
cpu_stress,4,138,99.909026,True
cpu_stress,4,139,99.928994,True
cpu_stress,4,140,99.943031,True
cpu_stress,4,141,109.258798,True
cpu_stress,4,142,90.627321,True
cpu_stress,4,143,99.973603,True
cpu_stress,4,144,99.942143,True
cpu_stress,4,145,99.932809,True
cpu_stress,4,146,99.955514,True
cpu_stress,4,147,100.170544,True
cpu_stress,4,148,100.035817,True
cpu_stress,4,149,109.840911,True
cpu_stress,4,150,95.566318,True
cpu_stress,4,151,104.233548,True
cpu_stress,4,152,89.658088,True
cpu_stress,4,153,99.961774,True
cpu_stress,4,154,100.075344,True
cpu_stress,4,155,99.913068,True
cpu_stress,4,156,100.025521,True
cpu_stress,4,157,99.957314,True
cpu_stress,4,158,99.843918,True
cpu_stress,4,159,99.871112,True
cpu_stress,4,160,104.409085,True
cpu_stress,4,161,103.367855,True
cpu_stress,4,162,92.101023,True
cpu_stress,4,163,99.892944,True
cpu_stress,4,164,99.933283,True
cpu_stress,4,165,99.958872,True
cpu_stress,4,166,99.941376,True
cpu_stress,4,167,99.975201,True
cpu_stress,4,168,99.915460,True
cpu_stress,4,169,99.937682,True
cpu_stress,4,170,99.956737,True
cpu_stress,4,171,111.257416,True
cpu_stress,4,172,88.733761,True
cpu_stress,4,173,99.963108,True
cpu_stress,4,174,99.812824,True
cpu_stress,4,175,100.028554,True
cpu_stress,4,176,99.991241,True
cpu_stress,4,177,100.930837,True
cpu_stress,4,178,98.915650,True
cpu_stress,4,179,99.666749,True
cpu_stress,4,180,99.980925,True
cpu_stress,4,181,106.740331,True
cpu_stress,4,182,93.175021,True
cpu_stress,4,183,100.084939,True
cpu_stress,4,184,103.978445,True
cpu_stress,4,185,95.539865,True
cpu_stress,4,186,102.296536,True
cpu_stress,4,187,97.747578,True
cpu_stress,4,188,101.284899,True
cpu_stress,4,189,98.180587,True
cpu_stress,4,190,100.600978,True
cpu_stress,4,191,110.024189,True
cpu_stress,4,192,92.077203,True
cpu_stress,4,193,97.343294,True
cpu_stress,4,194,100.277264,True
cpu_stress,4,195,99.955167,True
cpu_stress,4,196,99.879926,True
cpu_stress,4,197,100.693971,True
cpu_stress,4,198,99.125518,True
cpu_stress,4,199,100.073680,True
cpu_stress,4,200,100.432747,True
cpu_stress,4,201,109.726744,True
cpu_stress,4,202,89.575439,True
cpu_stress,4,203,99.887002,True
cpu_stress,4,204,99.977296,True
cpu_stress,4,205,99.794870,True
cpu_stress,4,206,100.209862,True
cpu_stress,4,207,101.445650,True
cpu_stress,4,208,98.343975,True
cpu_stress,4,209,99.584592,True
cpu_stress,4,210,106.288640,True
cpu_stress,4,211,99.814343,True
cpu_stress,4,212,97.072376,True
cpu_stress,4,213,96.453686,True
cpu_stress,4,214,99.772532,True
cpu_stress,4,215,100.636474,True
cpu_stress,4,216,99.924369,True
cpu_stress,4,217,102.893359,True
cpu_stress,4,218,96.992317,True
cpu_stress,4,219,99.728641,True
cpu_stress,4,220,108.787276,True
cpu_stress,4,221,106.233262,True
cpu_stress,4,222,84.716590,True
cpu_stress,4,223,99.965711,True
cpu_stress,4,224,99.941610,True
cpu_stress,4,225,99.962888,True
cpu_stress,4,226,99.926172,True
cpu_stress,4,227,101.062932,True
cpu_stress,4,228,98.858819,True
cpu_stress,4,229,99.972388,True
cpu_stress,4,230,101.444529,True
cpu_stress,4,231,107.028410,True
cpu_stress,4,232,91.303486,True
cpu_stress,4,233,99.943527,True
cpu_stress,4,234,99.951587,True
cpu_stress,4,235,99.950737,True
cpu_stress,4,236,99.971434,True
cpu_stress,4,237,100.702354,True
cpu_stress,4,238,99.159048,True
cpu_stress,4,239,99.922752,True
cpu_stress,4,240,106.267692,True
cpu_stress,4,241,101.726981,True
cpu_stress,4,242,92.002338,True
cpu_stress,4,243,99.920477,True
cpu_stress,4,244,99.936838,True
cpu_stress,4,245,99.920284,True
cpu_stress,4,246,99.933907,True
cpu_stress,4,247,100.228478,True
cpu_stress,4,248,99.691203,True
cpu_stress,4,249,99.977884,True
cpu_stress,4,250,100.027760,True
cpu_stress,4,251,109.524972,True
cpu_stress,4,252,91.179395,True
cpu_stress,4,253,98.758686,True
cpu_stress,4,254,99.921848,True
cpu_stress,4,255,99.933438,True
cpu_stress,4,256,99.963420,True
cpu_stress,4,257,101.398235,True
cpu_stress,4,258,98.482709,True
cpu_stress,4,259,99.935712,True
cpu_stress,4,260,99.957988,True
cpu_stress,4,261,109.404109,True
cpu_stress,4,262,91.494082,True
cpu_stress,4,263,98.922630,True
cpu_stress,4,264,99.959852,True
cpu_stress,4,265,99.936006,True
cpu_stress,4,266,99.945985,True
cpu_stress,4,267,101.746757,True
cpu_stress,4,268,98.149704,True
cpu_stress,4,269,99.986995,True
cpu_stress,4,270,104.845107,True
cpu_stress,4,271,103.226016,True
cpu_stress,4,272,91.422873,True
cpu_stress,4,273,102.703812,True
cpu_stress,4,274,97.440710,True
cpu_stress,4,275,99.930276,True
cpu_stress,4,276,99.867326,True
cpu_stress,4,277,100.089462,True
cpu_stress,4,278,100.137585,True
cpu_stress,4,279,100.017726,True
cpu_stress,4,280,99.801265,True
cpu_stress,4,281,110.154368,True
cpu_stress,4,282,90.710740,True
cpu_stress,4,283,99.053243,True
cpu_stress,4,284,99.924744,True
cpu_stress,4,285,99.965626,True
cpu_stress,4,286,99.859495,True
cpu_stress,4,287,100.002862,True
cpu_stress,4,288,99.812147,True
cpu_stress,4,289,99.988943,True
cpu_stress,4,290,104.591812,True
cpu_stress,4,291,102.602338,True
cpu_stress,4,292,93.412241,True
cpu_stress,4,293,99.877138,True
cpu_stress,4,294,100.292711,True
cpu_stress,4,295,99.493971,True
cpu_stress,4,296,99.354769,True
cpu_stress,4,297,99.824440,True
cpu_stress,4,298,99.903538,True
cpu_stress,4,299,99.946045,True
cpu_stress,4,300,99.933916,True
cpu_stress,4,301,110.189600,True
cpu_stress,4,302,89.711989,True
cpu_stress,4,303,99.948185,True
cpu_stress,4,304,99.935135,True
cpu_stress,4,305,99.943983,True
cpu_stress,4,306,99.954802,True
cpu_stress,4,307,99.976429,True
cpu_stress,4,308,99.922704,True
cpu_stress,4,309,100.132516,True
cpu_stress,4,310,106.529928,True
cpu_stress,4,311,105.663279,True
cpu_stress,4,312,87.446100,True
cpu_stress,4,313,100.065723,True
cpu_stress,4,314,99.837492,True
cpu_stress,4,315,100.662010,True
cpu_stress,4,316,99.903821,True
cpu_stress,4,317,100.089066,True
cpu_stress,4,318,99.842804,True
cpu_stress,4,319,99.299432,True
cpu_stress,4,320,99.826550,True
cpu_stress,4,321,106.224392,True
cpu_stress,4,322,93.739334,True
cpu_stress,4,323,99.866645,True
cpu_stress,4,324,99.966518,True
cpu_stress,4,325,99.933810,True
cpu_stress,4,326,99.948178,True
cpu_stress,4,327,99.998768,True
cpu_stress,4,328,99.876912,True
cpu_stress,4,329,100.026843,True
cpu_stress,4,330,106.334577,True
cpu_stress,4,331,101.778427,True
cpu_stress,4,332,91.653633,True
cpu_stress,4,333,99.935691,True
cpu_stress,4,334,99.946043,True
cpu_stress,4,335,99.940184,True
cpu_stress,4,336,99.934519,True
cpu_stress,4,337,99.985664,True
cpu_stress,4,338,99.923750,True
cpu_stress,4,339,99.942940,True
cpu_stress,4,340,99.827373,True
cpu_stress,4,341,111.381606,True
cpu_stress,4,342,88.652432,True
cpu_stress,4,343,100.528828,True
cpu_stress,4,344,99.408883,True
cpu_stress,4,345,100.159603,True
cpu_stress,4,346,99.927602,True
cpu_stress,4,347,99.855509,True
cpu_stress,4,348,99.703008,True
cpu_stress,4,349,99.795753,True
cpu_stress,4,350,105.604822,True
cpu_stress,4,351,102.591659,True
cpu_stress,4,352,91.575730,True
cpu_stress,4,353,99.978381,True
cpu_stress,4,354,99.893570,True
cpu_stress,4,355,99.850414,True
cpu_stress,4,356,100.115830,True
cpu_stress,4,357,100.014351,True
cpu_stress,4,358,99.927570,True
cpu_stress,4,359,100.060434,True
cpu_stress,4,360,100.011118,True
cpu_stress,4,361,108.097716,True
cpu_stress,4,362,91.814535,True
cpu_stress,4,363,99.738118,True
cpu_stress,4,364,99.840446,True
cpu_stress,4,365,100.147372,True
cpu_stress,4,366,99.872095,True
cpu_stress,4,367,99.976001,True
cpu_stress,4,368,99.899120,True
cpu_stress,4,369,100.040804,True
cpu_stress,4,370,105.291792,True
cpu_stress,4,371,102.777722,True
cpu_stress,4,372,91.638224,True
cpu_stress,4,373,99.960715,True
cpu_stress,4,374,99.930304,True
cpu_stress,4,375,100.108584,True
cpu_stress,4,376,99.973501,True
cpu_stress,4,377,99.832426,True
cpu_stress,4,378,100.637367,True
cpu_stress,4,379,99.133067,True
cpu_stress,4,380,100.023593,True
cpu_stress,4,381,109.152080,True
cpu_stress,4,382,90.786027,True
cpu_stress,4,383,99.855745,True
cpu_stress,4,384,99.984700,True
cpu_stress,4,385,99.907966,True
cpu_stress,4,386,99.964644,True
cpu_stress,4,387,101.438190,True
cpu_stress,4,388,98.499097,True
cpu_stress,4,389,99.939022,True
cpu_stress,4,390,108.015477,True
cpu_stress,4,391,99.607309,True
cpu_stress,4,392,92.782531,True
cpu_stress,4,393,99.741174,True
cpu_stress,4,394,99.683256,True
cpu_stress,4,395,99.749945,True
cpu_stress,4,396,99.900148,True
cpu_stress,4,397,101.652138,True
cpu_stress,4,398,98.446229,True
cpu_stress,4,399,99.957918,True
cpu_stress,4,400,100.989747,True
cpu_stress,4,401,107.344121,True
cpu_stress,4,402,92.215554,True
cpu_stress,4,403,99.040878,True
cpu_stress,4,404,99.962870,True
cpu_stress,4,405,99.922771,True
cpu_stress,4,406,99.990122,True
cpu_stress,4,407,99.850303,True
cpu_stress,4,408,100.018326,True
cpu_stress,4,409,99.906443,True
cpu_stress,4,410,100.163726,True
cpu_stress,4,411,110.073485,True
cpu_stress,4,412,89.632455,True
cpu_stress,4,413,100.321612,True
cpu_stress,4,414,99.900035,True
cpu_stress,4,415,99.786298,True
cpu_stress,4,416,99.965976,True
cpu_stress,4,417,100.012661,True
cpu_stress,4,418,99.876523,True
cpu_stress,4,419,99.705196,True
cpu_stress,4,420,99.982321,True
cpu_stress,4,421,109.318340,True
cpu_stress,4,422,90.570156,True
cpu_stress,4,423,99.884366,True
cpu_stress,4,424,100.993408,True
cpu_stress,4,425,98.949311,True
cpu_stress,4,426,99.845766,True
cpu_stress,4,427,102.895890,True
cpu_stress,4,428,97.122767,True
cpu_stress,4,429,99.972101,True
cpu_stress,4,430,102.823969,True
cpu_stress,4,431,106.296839,True
cpu_stress,4,432,90.659246,True
cpu_stress,4,433,99.894905,True
cpu_stress,4,434,99.964979,True
cpu_stress,4,435,99.950898,True
cpu_stress,4,436,100.268668,True
cpu_stress,4,437,100.660140,True
cpu_stress,4,438,98.915158,True
cpu_stress,4,439,99.755912,True
cpu_stress,4,440,102.649520,True
cpu_stress,4,441,106.899845,True
cpu_stress,4,442,91.428083,True
cpu_stress,4,443,100.014872,True
cpu_stress,4,444,99.950422,True
cpu_stress,4,445,99.415145,True
cpu_stress,4,446,99.167136,True
cpu_stress,4,447,99.986059,True
cpu_stress,4,448,99.891368,True
cpu_stress,4,449,100.180534,True
cpu_stress,4,450,99.910778,True
cpu_stress,4,451,105.935193,True
cpu_stress,4,452,93.787081,True
cpu_stress,4,453,100.101034,True
cpu_stress,4,454,100.080285,True
cpu_stress,4,455,99.985394,True
cpu_stress,4,456,99.951162,True
cpu_stress,4,457,99.720416,True
cpu_stress,4,458,99.925476,True
cpu_stress,4,459,99.993351,True
cpu_stress,4,460,104.418752,True
cpu_stress,4,461,104.685662,True
cpu_stress,4,462,90.500689,True
cpu_stress,4,463,99.935055,True
cpu_stress,4,464,99.952330,True
cpu_stress,4,465,99.936931,True
cpu_stress,4,466,99.955800,True
cpu_stress,4,467,99.984936,True
cpu_stress,4,468,100.083698,True
cpu_stress,4,469,99.836467,True
cpu_stress,4,470,104.542820,True
cpu_stress,4,471,102.517362,True
cpu_stress,4,472,92.700261,True
cpu_stress,4,473,100.763883,True
cpu_stress,4,474,99.111538,True
cpu_stress,4,475,99.964022,True
cpu_stress,4,476,100.008128,True
cpu_stress,4,477,100.095555,True
cpu_stress,4,478,99.645249,True
cpu_stress,4,479,100.115902,True
cpu_stress,4,480,99.944480,True
cpu_stress,4,481,110.168320,True
cpu_stress,4,482,90.944110,True
cpu_stress,4,483,99.875653,True
cpu_stress,4,484,98.921029,True
cpu_stress,4,485,99.957790,True
cpu_stress,4,486,99.861076,True
cpu_stress,4,487,99.955919,True
cpu_stress,4,488,99.969912,True
cpu_stress,4,489,100.072711,True
cpu_stress,4,490,99.623582,True
cpu_stress,4,491,109.230525,True
cpu_stress,4,492,91.506791,True
cpu_stress,4,493,99.879422,True
cpu_stress,4,494,100.092192,True
cpu_stress,4,495,98.989806,True
cpu_stress,4,496,100.012463,True
cpu_stress,4,497,99.946656,True
cpu_stress,4,498,100.337902,True
cpu_stress,4,499,99.520703,True
cpu_stress,4,500,100.084415,True
cpu_stress,4,501,106.247541,True
cpu_stress,4,502,93.554780,True
cpu_stress,4,503,99.637967,True
cpu_stress,4,504,100.544827,True
cpu_stress,4,505,99.798832,True
cpu_stress,4,506,99.850756,True
cpu_stress,4,507,99.821751,True
cpu_stress,4,508,99.850722,True
cpu_stress,4,509,100.082927,True
cpu_stress,4,510,99.819289,True
cpu_stress,4,511,101.754700,True
cpu_stress,4,512,98.201296,True
cpu_stress,4,513,106.965540,True
cpu_stress,4,514,92.854637,True
cpu_stress,4,515,99.920401,True
cpu_stress,4,516,100.638577,True
cpu_stress,4,517,99.273030,True
cpu_stress,4,518,99.981731,True
cpu_stress,4,519,99.935226,True
cpu_stress,4,520,99.971007,True
cpu_stress,4,521,109.211055,True
cpu_stress,4,522,90.694860,True
cpu_stress,4,523,99.990810,True
cpu_stress,4,524,99.890334,True
cpu_stress,4,525,99.982252,True
cpu_stress,4,526,100.065420,True
cpu_stress,4,527,101.911837,True
cpu_stress,4,528,98.076155,True
cpu_stress,4,529,99.659261,True
cpu_stress,4,530,106.306873,True
cpu_stress,4,531,105.983851,True
cpu_stress,4,532,87.505584,True
cpu_stress,4,533,99.935830,True
cpu_stress,4,534,100.180667,True
cpu_stress,4,535,99.714615,True
cpu_stress,4,536,99.907294,True
cpu_stress,4,537,101.877490,True
cpu_stress,4,538,98.046886,True
cpu_stress,4,539,99.904280,True
cpu_stress,4,540,107.355031,True
cpu_stress,4,541,100.845706,True
cpu_stress,4,542,91.681666,True
cpu_stress,4,543,99.933571,True
cpu_stress,4,544,100.197738,True
cpu_stress,4,545,99.697501,True
cpu_stress,4,546,99.927198,True
cpu_stress,4,547,102.498076,True
cpu_stress,4,548,97.399309,True
cpu_stress,4,549,99.947941,True
cpu_stress,4,550,99.946925,True
cpu_stress,4,551,113.193742,True
cpu_stress,4,552,88.730889,True
cpu_stress,4,553,97.537248,True
cpu_stress,4,554,100.305597,True
cpu_stress,4,555,99.931171,True
cpu_stress,4,556,99.952870,True
cpu_stress,4,557,101.997619,True
cpu_stress,4,558,97.892750,True
cpu_stress,4,559,100.010942,True
cpu_stress,4,560,108.153422,True
cpu_stress,4,561,102.241968,True
cpu_stress,4,562,89.343622,True
cpu_stress,4,563,100.004240,True
cpu_stress,4,564,99.780877,True
cpu_stress,4,565,99.766349,True
cpu_stress,4,566,99.811109,True
cpu_stress,4,567,100.899749,True
cpu_stress,4,568,99.333504,True
cpu_stress,4,569,99.785357,True
cpu_stress,4,570,99.862721,True
cpu_stress,4,571,107.739535,True
cpu_stress,4,572,92.325026,True
cpu_stress,4,573,100.769275,True
cpu_stress,4,574,99.031139,True
cpu_stress,4,575,99.873997,True
cpu_stress,4,576,100.083920,True
cpu_stress,4,577,100.704695,True
cpu_stress,4,578,99.204065,True
cpu_stress,4,579,99.972418,True
cpu_stress,4,580,103.951060,True
cpu_stress,4,581,108.120036,True
cpu_stress,4,582,87.493039,True
cpu_stress,4,583,100.261353,True
cpu_stress,4,584,99.818862,True
cpu_stress,4,585,99.961946,True
cpu_stress,4,586,99.887929,True
cpu_stress,4,587,100.009656,True
cpu_stress,4,588,99.806295,True
cpu_stress,4,589,99.913544,True
cpu_stress,4,590,100.059677,True
cpu_stress,4,591,112.056349,True
cpu_stress,4,592,88.324247,True
cpu_stress,4,593,99.772353,True
cpu_stress,4,594,100.269875,True
cpu_stress,4,595,99.229105,True
cpu_stress,4,596,100.264883,True
cpu_stress,4,597,99.767069,True
cpu_stress,4,598,99.892816,True
cpu_stress,4,599,99.859337,True
cpu_stress,5,0,100.698703,True
cpu_stress,5,1,107.166565,True
cpu_stress,5,2,92.297367,True
cpu_stress,5,3,100.620356,True
cpu_stress,5,4,408.008595,True
cpu_stress,5,5,91.712799,True
cpu_stress,5,6,107.148142,True
cpu_stress,5,7,92.730550,True
cpu_stress,5,8,99.857381,True
cpu_stress,5,9,102.730098,True
cpu_stress,5,10,98.731655,True
cpu_stress,5,11,98.434841,True
cpu_stress,5,12,99.949543,True
cpu_stress,5,13,101.748019,True
cpu_stress,5,14,99.992386,True
cpu_stress,5,15,99.272657,True
cpu_stress,5,16,98.877300,True
cpu_stress,5,17,111.032602,True
cpu_stress,5,18,88.720812,True
cpu_stress,5,19,99.878386,True
cpu_stress,5,20,100.194317,True
cpu_stress,5,21,99.878654,True
cpu_stress,5,22,99.909016,True
cpu_stress,5,23,99.489469,True
cpu_stress,5,24,104.532692,True
cpu_stress,5,25,95.690600,True
cpu_stress,5,26,99.861007,True
cpu_stress,5,27,100.559371,True
cpu_stress,5,28,111.682773,True
cpu_stress,5,29,87.622071,True
cpu_stress,5,30,100.019776,True
cpu_stress,5,31,99.945830,True
cpu_stress,5,32,99.953441,True
cpu_stress,5,33,99.945834,True
cpu_stress,5,34,100.952574,True
cpu_stress,5,35,99.777707,True
cpu_stress,5,36,99.855683,True
cpu_stress,5,37,99.667953,True
cpu_stress,5,38,109.814521,True
cpu_stress,5,39,90.868067,True
cpu_stress,5,40,98.261237,True
cpu_stress,5,41,101.807712,True
cpu_stress,5,42,101.199061,True
cpu_stress,5,43,97.324882,True
cpu_stress,5,44,100.003367,True
cpu_stress,5,45,99.873826,True
cpu_stress,5,46,100.028792,True
cpu_stress,5,47,100.004483,True
cpu_stress,5,48,107.479057,True
cpu_stress,5,49,93.959589,True
cpu_stress,5,50,98.111370,True
cpu_stress,5,51,100.162687,True
cpu_stress,5,52,99.860902,True
cpu_stress,5,53,99.906056,True
cpu_stress,5,54,100.053624,True
cpu_stress,5,55,99.888956,True
cpu_stress,5,56,99.894248,True
cpu_stress,5,57,99.817632,True
cpu_stress,5,58,107.673474,True
cpu_stress,5,59,92.266784,True
cpu_stress,5,60,99.942377,True
cpu_stress,5,61,99.937986,True
cpu_stress,5,62,99.959586,True
cpu_stress,5,63,102.177739,True
cpu_stress,5,64,97.598949,True
cpu_stress,5,65,100.221477,True
cpu_stress,5,66,100.087406,True
cpu_stress,5,67,105.430699,True
cpu_stress,5,68,104.653186,True
cpu_stress,5,69,89.466697,True
cpu_stress,5,70,100.948086,True
cpu_stress,5,71,99.928087,True
cpu_stress,5,72,99.888670,True
cpu_stress,5,73,99.336178,True
cpu_stress,5,74,99.645803,True
cpu_stress,5,75,99.895673,True
cpu_stress,5,76,99.938007,True
cpu_stress,5,77,99.948473,True
cpu_stress,5,78,109.234468,True
cpu_stress,5,79,90.612073,True
cpu_stress,5,80,99.980799,True
cpu_stress,5,81,100.003759,True
cpu_stress,5,82,99.751009,True
cpu_stress,5,83,99.482242,True
cpu_stress,5,84,102.547465,True
cpu_stress,5,85,97.250006,True
cpu_stress,5,86,100.416965,True
cpu_stress,5,87,101.544939,True
cpu_stress,5,88,97.942827,True
cpu_stress,5,89,101.252051,True
cpu_stress,5,90,99.118438,True
cpu_stress,5,91,99.939901,True
cpu_stress,5,92,99.830555,True
cpu_stress,5,93,99.935896,True
cpu_stress,5,94,99.986803,True
cpu_stress,5,95,99.963738,True
cpu_stress,5,96,99.983473,True
cpu_stress,5,97,102.249228,True
cpu_stress,5,98,110.833730,True
cpu_stress,5,99,86.683791,True
cpu_stress,5,100,100.053438,True
cpu_stress,5,101,99.995401,True
cpu_stress,5,102,99.931206,True
cpu_stress,5,103,99.707670,True
cpu_stress,5,104,101.020907,True
cpu_stress,5,105,99.828626,True
cpu_stress,5,106,99.905255,True
cpu_stress,5,107,103.704390,True
cpu_stress,5,108,102.590098,True
cpu_stress,5,109,92.649486,True
cpu_stress,5,110,99.968099,True
cpu_stress,5,111,99.902532,True
cpu_stress,5,112,99.950628,True
cpu_stress,5,113,99.951243,True
cpu_stress,5,114,99.981549,True
cpu_stress,5,115,99.891144,True
cpu_stress,5,116,99.969747,True
cpu_stress,5,117,99.698819,True
cpu_stress,5,118,110.396470,True
cpu_stress,5,119,89.485047,True
cpu_stress,5,120,100.087260,True
cpu_stress,5,121,99.810110,True
cpu_stress,5,122,99.956031,True
cpu_stress,5,123,99.938985,True
cpu_stress,5,124,99.945541,True
cpu_stress,5,125,99.920058,True
cpu_stress,5,126,99.946130,True
cpu_stress,5,127,100.143783,True
cpu_stress,5,128,110.057294,True
cpu_stress,5,129,89.773550,True
cpu_stress,5,130,99.827840,True
cpu_stress,5,131,99.935162,True
cpu_stress,5,132,99.937837,True
cpu_stress,5,133,99.942576,True
cpu_stress,5,134,99.998347,True
cpu_stress,5,135,99.912493,True
cpu_stress,5,136,99.939117,True
cpu_stress,5,137,105.407820,True
cpu_stress,5,138,99.599884,True
cpu_stress,5,139,94.832652,True
cpu_stress,5,140,99.960610,True
cpu_stress,5,141,99.935815,True
cpu_stress,5,142,99.945674,True
cpu_stress,5,143,99.971530,True
cpu_stress,5,144,99.970232,True
cpu_stress,5,145,99.890094,True
cpu_stress,5,146,99.932985,True
cpu_stress,5,147,99.967479,True
cpu_stress,5,148,109.328948,True
cpu_stress,5,149,90.608211,True
cpu_stress,5,150,100.008792,True
cpu_stress,5,151,99.969304,True
cpu_stress,5,152,99.903858,True
cpu_stress,5,153,99.945201,True
cpu_stress,5,154,100.210550,True
cpu_stress,5,155,99.647711,True
cpu_stress,5,156,100.194248,True
cpu_stress,5,157,105.632906,True
cpu_stress,5,158,103.320054,True
cpu_stress,5,159,90.566340,True
cpu_stress,5,160,100.495153,True
cpu_stress,5,161,99.345322,True
cpu_stress,5,162,100.167662,True
cpu_stress,5,163,99.926962,True
cpu_stress,5,164,99.835867,True
cpu_stress,5,165,99.905554,True
cpu_stress,5,166,99.938595,True
cpu_stress,5,167,99.940681,True
cpu_stress,5,168,112.213556,True
cpu_stress,5,169,87.740928,True
cpu_stress,5,170,102.271052,True
cpu_stress,5,171,97.203168,True
cpu_stress,5,172,100.425955,True
cpu_stress,5,173,99.952101,True
cpu_stress,5,174,99.936214,True
cpu_stress,5,175,99.966124,True
cpu_stress,5,176,99.645404,True
cpu_stress,5,177,108.111678,True
cpu_stress,5,178,100.345846,True
cpu_stress,5,179,91.652546,True
cpu_stress,5,180,99.888385,True
cpu_stress,5,181,100.028440,True
cpu_stress,5,182,101.031766,True
cpu_stress,5,183,98.372134,True
cpu_stress,5,184,100.562936,True
cpu_stress,5,185,99.819219,True
cpu_stress,5,186,99.857117,True
cpu_stress,5,187,101.005118,True
cpu_stress,5,188,111.100721,True
cpu_stress,5,189,87.544645,True
cpu_stress,5,190,105.278101,True
cpu_stress,5,191,96.482848,True
cpu_stress,5,192,100.178191,True
cpu_stress,5,193,97.904212,True
cpu_stress,5,194,100.026665,True
cpu_stress,5,195,99.904255,True
cpu_stress,5,196,99.934972,True
cpu_stress,5,197,100.905289,True
cpu_stress,5,198,105.528846,True
cpu_stress,5,199,93.380195,True
cpu_stress,5,200,99.929824,True
cpu_stress,5,201,99.993769,True
cpu_stress,5,202,99.927346,True
cpu_stress,5,203,101.266995,True
cpu_stress,5,204,99.557783,True
cpu_stress,5,205,99.012393,True
cpu_stress,5,206,99.974162,True
cpu_stress,5,207,100.141125,True
cpu_stress,5,208,108.324296,True
cpu_stress,5,209,91.026394,True
cpu_stress,5,210,101.190144,True
cpu_stress,5,211,98.998007,True
cpu_stress,5,212,99.953981,True
cpu_stress,5,213,99.922764,True
cpu_stress,5,214,100.025400,True
cpu_stress,5,215,99.910897,True
cpu_stress,5,216,99.954626,True
cpu_stress,5,217,105.471792,True
cpu_stress,5,218,102.935127,True
cpu_stress,5,219,91.578166,True
cpu_stress,5,220,99.921619,True
cpu_stress,5,221,99.960109,True
cpu_stress,5,222,99.912359,True
cpu_stress,5,223,99.505929,True
cpu_stress,5,224,101.037227,True
cpu_stress,5,225,99.548825,True
cpu_stress,5,226,100.136450,True
cpu_stress,5,227,99.551252,True
cpu_stress,5,228,105.394835,True
cpu_stress,5,229,94.374578,True
cpu_stress,5,230,99.870471,True
cpu_stress,5,231,99.964207,True
cpu_stress,5,232,99.938878,True
cpu_stress,5,233,99.955000,True
cpu_stress,5,234,100.323140,True
cpu_stress,5,235,99.622253,True
cpu_stress,5,236,101.040282,True
cpu_stress,5,237,98.833340,True
cpu_stress,5,238,106.268369,True
cpu_stress,5,239,93.723095,True
cpu_stress,5,240,101.813873,True
cpu_stress,5,241,97.505282,True
cpu_stress,5,242,99.972515,True
cpu_stress,5,243,101.497693,True
cpu_stress,5,244,98.738777,True
cpu_stress,5,245,100.057095,True
cpu_stress,5,246,99.929945,True
cpu_stress,5,247,99.937821,True
cpu_stress,5,248,112.408346,True
cpu_stress,5,249,87.598964,True
cpu_stress,5,250,99.838407,True
cpu_stress,5,251,99.959361,True
cpu_stress,5,252,102.190951,True
cpu_stress,5,253,97.564866,True
cpu_stress,5,254,100.150993,True
cpu_stress,5,255,99.863187,True
cpu_stress,5,256,99.941232,True
cpu_stress,5,257,100.098170,True
cpu_stress,5,258,107.174194,True
cpu_stress,5,259,92.714346,True
cpu_stress,5,260,99.827639,True
cpu_stress,5,261,99.933466,True
cpu_stress,5,262,100.052930,True
cpu_stress,5,263,99.834606,True
cpu_stress,5,264,100.098594,True
cpu_stress,5,265,99.798108,True
cpu_stress,5,266,99.961826,True
cpu_stress,5,267,104.254325,True
cpu_stress,5,268,102.991852,True
cpu_stress,5,269,92.626606,True
cpu_stress,5,270,99.930004,True
cpu_stress,5,271,99.906542,True
cpu_stress,5,272,99.952385,True
cpu_stress,5,273,99.903079,True
cpu_stress,5,274,100.020782,True
cpu_stress,5,275,99.910722,True
cpu_stress,5,276,99.991393,True
cpu_stress,5,277,99.879196,True
cpu_stress,5,278,106.439020,True
cpu_stress,5,279,93.532466,True
cpu_stress,5,280,99.934594,True
cpu_stress,5,281,99.937627,True
cpu_stress,5,282,99.911842,True
cpu_stress,5,283,99.958095,True
cpu_stress,5,284,99.975677,True
cpu_stress,5,285,100.582180,True
cpu_stress,5,286,99.070463,True
cpu_stress,5,287,105.113756,True
cpu_stress,5,288,102.007962,True
cpu_stress,5,289,92.653835,True
cpu_stress,5,290,99.909696,True
cpu_stress,5,291,99.950863,True
cpu_stress,5,292,99.935883,True
cpu_stress,5,293,99.951342,True
cpu_stress,5,294,100.232105,True
cpu_stress,5,295,99.665523,True
cpu_stress,5,296,108.898378,True
cpu_stress,5,297,100.682335,True
cpu_stress,5,298,89.922383,True
cpu_stress,5,299,100.697202,True
cpu_stress,5,300,100.452884,True
cpu_stress,5,301,99.258431,True
cpu_stress,5,302,99.947875,True
cpu_stress,5,303,99.939362,True
cpu_stress,5,304,99.898214,True
cpu_stress,5,305,99.884250,True
cpu_stress,5,306,99.684142,True
cpu_stress,5,307,104.996130,True
cpu_stress,5,308,103.297541,True
cpu_stress,5,309,91.774714,True
cpu_stress,5,310,99.871760,True
cpu_stress,5,311,99.939223,True
cpu_stress,5,312,99.959792,True
cpu_stress,5,313,99.918036,True
cpu_stress,5,314,99.964711,True
cpu_stress,5,315,100.791432,True
cpu_stress,5,316,99.313390,True
cpu_stress,5,317,99.963218,True
cpu_stress,5,318,106.459692,True
cpu_stress,5,319,93.230897,True
cpu_stress,5,320,99.901205,True
cpu_stress,5,321,99.940418,True
cpu_stress,5,322,99.942549,True
cpu_stress,5,323,99.958778,True
cpu_stress,5,324,100.060073,True
cpu_stress,5,325,99.969092,True
cpu_stress,5,326,99.987681,True
cpu_stress,5,327,105.101687,True
cpu_stress,5,328,104.369268,True
cpu_stress,5,329,86.595217,True
cpu_stress,5,330,100.318317,True
cpu_stress,5,331,99.844553,True
cpu_stress,5,332,99.967250,True
cpu_stress,5,333,99.926666,True
cpu_stress,5,334,99.998527,True
cpu_stress,5,335,99.893357,True
cpu_stress,5,336,99.919549,True
cpu_stress,5,337,99.921685,True
cpu_stress,5,338,111.333669,True
cpu_stress,5,339,88.610932,True
cpu_stress,5,340,100.908732,True
cpu_stress,5,341,99.222526,True
cpu_stress,5,342,99.727064,True
cpu_stress,5,343,100.001458,True
cpu_stress,5,344,100.019880,True
cpu_stress,5,345,99.957313,True
cpu_stress,5,346,99.622183,True
cpu_stress,5,347,105.131820,True
cpu_stress,5,348,103.222480,True
cpu_stress,5,349,91.785694,True
cpu_stress,5,350,99.806266,True
cpu_stress,5,351,100.202018,True
cpu_stress,5,352,99.758690,True
cpu_stress,5,353,100.082862,True
cpu_stress,5,354,99.854403,True
cpu_stress,5,355,99.971687,True
cpu_stress,5,356,99.765695,True
cpu_stress,5,357,99.908802,True
cpu_stress,5,358,109.336203,True
cpu_stress,5,359,90.719964,True
cpu_stress,5,360,99.974168,True
cpu_stress,5,361,99.987376,True
cpu_stress,5,362,101.567971,True
cpu_stress,5,363,98.214421,True
cpu_stress,5,364,101.559362,True
cpu_stress,5,365,98.821358,True
cpu_stress,5,366,99.482174,True
cpu_stress,5,367,100.162894,True
cpu_stress,5,368,106.039365,True
cpu_stress,5,369,94.457524,True
cpu_stress,5,370,103.235319,True
cpu_stress,5,371,95.926810,True
cpu_stress,5,372,102.555570,True
cpu_stress,5,373,96.986777,True
cpu_stress,5,374,101.715325,True
cpu_stress,5,375,98.332957,True
cpu_stress,5,376,99.919573,True
cpu_stress,5,377,99.958369,True
cpu_stress,5,378,112.228976,True
cpu_stress,5,379,87.669521,True
cpu_stress,5,380,99.932397,True
cpu_stress,5,381,99.948247,True
cpu_stress,5,382,100.001834,True
cpu_stress,5,383,99.909449,True
cpu_stress,5,384,101.740541,True
cpu_stress,5,385,98.217724,True
cpu_stress,5,386,99.830577,True
cpu_stress,5,387,100.822644,True
cpu_stress,5,388,108.406580,True
cpu_stress,5,389,90.676134,True
cpu_stress,5,390,99.907867,True
cpu_stress,5,391,100.959605,True
cpu_stress,5,392,99.828476,True
cpu_stress,5,393,99.504110,True
cpu_stress,5,394,99.549833,True
cpu_stress,5,395,99.758630,True
cpu_stress,5,396,100.000116,True
cpu_stress,5,397,99.948890,True
cpu_stress,5,398,106.040331,True
cpu_stress,5,399,95.083875,True
cpu_stress,5,400,99.831530,True
cpu_stress,5,401,99.813421,True
cpu_stress,5,402,98.602012,True
cpu_stress,5,403,100.071435,True
cpu_stress,5,404,101.387433,True
cpu_stress,5,405,98.648907,True
cpu_stress,5,406,99.889077,True
cpu_stress,5,407,101.739124,True
cpu_stress,5,408,106.827160,True
cpu_stress,5,409,91.238323,True
cpu_stress,5,410,99.935981,True
cpu_stress,5,411,100.043799,True
cpu_stress,5,412,99.886874,True
cpu_stress,5,413,99.905873,True
cpu_stress,5,414,101.192622,True
cpu_stress,5,415,98.794681,True
cpu_stress,5,416,100.756074,True
cpu_stress,5,417,102.414093,True
cpu_stress,5,418,107.024529,True
cpu_stress,5,419,90.505070,True
cpu_stress,5,420,99.700510,True
cpu_stress,5,421,99.837203,True
cpu_stress,5,422,100.005598,True
cpu_stress,5,423,99.453436,True
cpu_stress,5,424,99.969047,True
cpu_stress,5,425,99.905970,True
cpu_stress,5,426,99.621376,True
cpu_stress,5,427,105.224401,True
cpu_stress,5,428,105.321559,True
cpu_stress,5,429,89.331140,True
cpu_stress,5,430,99.939129,True
cpu_stress,5,431,99.955879,True
cpu_stress,5,432,99.944223,True
cpu_stress,5,433,99.952822,True
cpu_stress,5,434,99.985635,True
cpu_stress,5,435,99.910192,True
cpu_stress,5,436,99.926149,True
cpu_stress,5,437,99.935606,True
cpu_stress,5,438,111.175373,True
cpu_stress,5,439,88.755146,True
cpu_stress,5,440,99.945769,True
cpu_stress,5,441,99.922855,True
cpu_stress,5,442,99.925980,True
cpu_stress,5,443,99.946290,True
cpu_stress,5,444,101.062837,True
cpu_stress,5,445,98.838298,True
cpu_stress,5,446,99.961586,True
cpu_stress,5,447,100.259488,True
cpu_stress,5,448,109.154408,True
cpu_stress,5,449,90.576810,True
cpu_stress,5,450,99.927406,True
cpu_stress,5,451,99.788160,True
cpu_stress,5,452,99.957199,True
cpu_stress,5,453,99.954952,True
cpu_stress,5,454,99.956041,True
cpu_stress,5,455,99.938837,True
cpu_stress,5,456,99.937470,True
cpu_stress,5,457,99.947752,True
cpu_stress,5,458,110.243528,True
cpu_stress,5,459,89.680167,True
cpu_stress,5,460,99.922561,True
cpu_stress,5,461,99.945129,True
cpu_stress,5,462,99.873772,True
cpu_stress,5,463,100.046264,True
cpu_stress,5,464,99.787504,True
cpu_stress,5,465,99.941671,True
cpu_stress,5,466,100.058069,True
cpu_stress,5,467,102.174969,True
cpu_stress,5,468,97.634785,True
cpu_stress,5,469,104.293400,True
cpu_stress,5,470,95.432137,True
cpu_stress,5,471,100.126009,True
cpu_stress,5,472,100.049125,True
cpu_stress,5,473,99.901106,True
cpu_stress,5,474,99.848870,True
cpu_stress,5,475,99.771840,True
cpu_stress,5,476,99.966594,True
cpu_stress,5,477,103.151108,True
cpu_stress,5,478,105.726973,True
cpu_stress,5,479,90.677050,True
cpu_stress,5,480,99.955536,True
cpu_stress,5,481,99.938703,True
cpu_stress,5,482,99.763545,True
cpu_stress,5,483,99.934825,True
cpu_stress,5,484,99.948857,True
cpu_stress,5,485,99.927514,True
cpu_stress,5,486,100.035711,True
cpu_stress,5,487,99.975080,True
cpu_stress,5,488,111.172778,True
cpu_stress,5,489,88.799868,True
cpu_stress,5,490,99.696944,True
cpu_stress,5,491,100.984838,True
cpu_stress,5,492,98.819435,True
cpu_stress,5,493,99.951588,True
cpu_stress,5,494,100.011852,True
cpu_stress,5,495,99.684428,True
cpu_stress,5,496,99.895678,True
cpu_stress,5,497,99.998314,True
cpu_stress,5,498,108.709333,True
cpu_stress,5,499,91.433025,True
cpu_stress,5,500,99.682501,True
cpu_stress,5,501,99.944735,True
cpu_stress,5,502,99.962577,True
cpu_stress,5,503,99.908312,True
cpu_stress,5,504,100.032785,True
cpu_stress,5,505,100.026350,True
cpu_stress,5,506,99.986220,True
cpu_stress,5,507,103.677896,True
cpu_stress,5,508,105.345232,True
cpu_stress,5,509,90.646943,True
cpu_stress,5,510,100.176725,True
cpu_stress,5,511,99.682231,True
cpu_stress,5,512,99.952902,True
cpu_stress,5,513,99.963057,True
cpu_stress,5,514,99.948734,True
cpu_stress,5,515,99.932329,True
cpu_stress,5,516,99.990835,True
cpu_stress,5,517,99.907396,True
cpu_stress,5,518,110.196380,True
cpu_stress,5,519,91.568044,True
cpu_stress,5,520,97.927133,True
cpu_stress,5,521,100.090538,True
cpu_stress,5,522,100.031377,True
cpu_stress,5,523,99.982389,True
cpu_stress,5,524,100.168055,True
cpu_stress,5,525,99.263312,True
cpu_stress,5,526,102.446481,True
cpu_stress,5,527,104.650339,True
cpu_stress,5,528,100.847373,True
cpu_stress,5,529,92.914965,True
cpu_stress,5,530,99.436067,True
cpu_stress,5,531,99.850716,True
cpu_stress,5,532,99.995664,True
cpu_stress,5,533,99.974010,True
cpu_stress,5,534,101.544370,True
cpu_stress,5,535,98.222171,True
cpu_stress,5,536,99.659986,True
cpu_stress,5,537,105.718154,True
cpu_stress,5,538,105.029778,True
cpu_stress,5,539,89.558851,True
cpu_stress,5,540,99.877315,True
cpu_stress,5,541,99.810932,True
cpu_stress,5,542,99.942939,True
cpu_stress,5,543,99.458022,True
cpu_stress,5,544,100.504513,True
cpu_stress,5,545,99.890297,True
cpu_stress,5,546,99.795865,True
cpu_stress,5,547,106.656790,True
cpu_stress,5,548,98.490800,True
cpu_stress,5,549,94.477906,True
cpu_stress,5,550,100.197505,True
cpu_stress,5,551,100.134647,True
cpu_stress,5,552,99.966012,True
cpu_stress,5,553,100.897880,True
cpu_stress,5,554,99.581109,True
cpu_stress,5,555,99.341243,True
cpu_stress,5,556,99.827069,True
cpu_stress,5,557,99.979809,True
cpu_stress,5,558,110.253517,True
cpu_stress,5,559,89.833894,True
cpu_stress,5,560,99.722925,True
cpu_stress,5,561,99.901139,True
cpu_stress,5,562,100.059258,True
cpu_stress,5,563,99.936438,True
cpu_stress,5,564,99.989309,True
cpu_stress,5,565,99.864025,True
cpu_stress,5,566,99.836020,True
cpu_stress,5,567,105.210625,True
cpu_stress,5,568,102.682999,True
cpu_stress,5,569,91.931084,True
cpu_stress,5,570,101.938968,True
cpu_stress,5,571,98.954413,True
cpu_stress,5,572,98.897401,True
cpu_stress,5,573,100.123462,True
cpu_stress,5,574,100.089343,True
cpu_stress,5,575,99.780641,True
cpu_stress,5,576,99.797384,True
cpu_stress,5,577,100.018843,True
cpu_stress,5,578,100.013810,True
cpu_stress,5,579,101.265371,True
cpu_stress,5,580,101.010689,True
cpu_stress,5,581,97.240809,True
cpu_stress,5,582,100.113119,True
cpu_stress,5,583,99.878335,True
cpu_stress,5,584,99.827188,True
cpu_stress,5,585,100.014559,True
cpu_stress,5,586,100.063283,True
cpu_stress,5,587,107.902862,True
cpu_stress,5,588,95.248584,True
cpu_stress,5,589,96.706622,True
cpu_stress,5,590,100.026357,True
cpu_stress,5,591,100.000013,True
cpu_stress,5,592,99.990507,True
cpu_stress,5,593,99.879292,True
cpu_stress,5,594,99.966860,True
cpu_stress,5,595,99.887626,True
cpu_stress,5,596,99.853929,True
cpu_stress,5,597,99.924668,True
cpu_stress,5,598,109.290340,True
cpu_stress,5,599,91.262878,True
